aggregate_id,aggregation_number,delta_t,sd,n_samples
9,2,300.0,229.9959813189767,1
10,2,300.0,12.91694043804208,1
11,5,300.0,46.42762231449825,1
12,1,300.0,222.3288511045319,1
13,3,300.0,26.959115632124153,1
14,1,300.0,67.86249512967309,1
21,2,300.0,36.65736721424227,2
21,2,600.0,74.60268051254337,1
22,2,300.0,112.35625871800733,2
22,2,600.0,249.45042413050942,1
28,2,300.0,116.88329426249243,3
28,2,600.0,309.4887271874844,2
28,2,900.0,398.1721711087423,1
29,2,300.0,117.42346907649203,2
29,2,600.0,123.00190424561214,1
30,1,300.0,191.11608023193855,1
31,1,300.0,328.19837950372096,1
32,2,300.0,11.306589573653541,1
33,3,300.0,159.4893342845718,1
34,1,300.0,214.34036068854664,4
34,1,600.0,414.844002917388,3
34,1,900.0,205.29925862085997,2
34,1,1200.0,335.1042646701396,1
35,6,300.0,44.899214144551934,4
35,6,600.0,41.358254425938284,3
35,6,900.0,70.63132783255301,2
35,6,1200.0,54.69836888941318,1
36,1,300.0,226.13537493603314,4
36,1,600.0,464.05327976687636,3
36,1,900.0,768.5298321657044,2
36,1,1200.0,2040.0251093188022,1
37,9,300.0,47.40303945010393,4
37,9,600.0,69.19612267565954,3
37,9,900.0,53.77108858568022,2
37,9,1200.0,127.55053674288148,1
38,4,300.0,132.06459975429945,4
38,4,600.0,254.70600885150182,3
38,4,900.0,427.1812124228327,2
38,4,1200.0,547.9028719288426,1
45,5,300.0,80.83578349143218,5
45,5,600.0,134.21786907787066,4
45,5,900.0,176.98455889498112,3
45,5,1200.0,257.7441507023947,2
45,5,1500.0,424.2262109926134,1
46,10,300.0,68.7462509833484,4
46,10,600.0,133.40779596894345,3
46,10,900.0,249.20386400250152,2
46,10,1200.0,265.9116685379311,1
47,2,300.0,148.19302360513933,1
51,1,300.0,220.17342877466658,6
51,1,600.0,314.6708414215462,5
51,1,900.0,574.3384505066786,4
51,1,1200.0,892.0621187983917,3
51,1,1500.0,1287.2446607389152,2
51,1,1800.0,1458.7455100224865,1
52,5,300.0,79.4389315733499,6
52,5,600.0,219.12909599818508,5
52,5,900.0,328.50538866197195,4
52,5,1200.0,474.1787210326232,3
52,5,1500.0,591.0468490319346,2
52,5,1800.0,569.5392227299104,1
53,1,300.0,190.94280736791688,6
53,1,600.0,384.10067694626224,5
53,1,900.0,425.30048962572124,4
53,1,1200.0,322.7830349289399,3
53,1,1500.0,498.8378751752472,2
53,1,1800.0,1081.7145724632664,1
54,4,300.0,45.658568695801925,6
54,4,600.0,91.2301553883934,5
54,4,900.0,164.6445125260951,4
54,4,1200.0,237.06390134388946,3
54,4,1500.0,326.58689890724264,2
54,4,1800.0,270.9242569140477,1
55,9,300.0,35.79688981469169,6
55,9,600.0,50.61637160732157,5
55,9,900.0,66.85780622632863,4
55,9,1200.0,76.22954933191608,3
55,9,1500.0,99.17502298753409,2
55,9,1800.0,63.6554026312096,1
56,1,300.0,198.5247020731049,3
56,1,600.0,358.1204733270077,2
56,1,900.0,323.229881210442,1
57,1,300.0,99.25341442063097,3
57,1,600.0,320.36939660783025,2
57,1,900.0,395.2730826507485,1
64,3,300.0,81.0503404373897,4
64,3,600.0,154.62474617111502,3
64,3,900.0,308.79277420737196,2
64,3,1200.0,446.87742765768985,1
65,1,300.0,196.13293584944086,3
65,1,600.0,313.6559953780386,2
65,1,900.0,68.9936804164957,1
66,2,300.0,78.67897954990474,2
66,2,600.0,95.34924107903619,1
67,3,300.0,192.75037693828128,2
67,3,600.0,188.58674297849208,1
70,2,300.0,91.22910225887567,8
70,2,600.0,136.7463379940328,7
70,2,900.0,143.59263808841348,6
70,2,1200.0,202.2607396440077,5
70,2,1500.0,215.9025404303414,4
70,2,1800.0,193.14593030105388,3
70,2,2100.0,144.034248433109,2
70,2,2400.0,254.95814660916378,1
71,1,300.0,185.77424697902353,5
71,1,600.0,395.32855024224006,4
71,1,900.0,740.4428574671983,3
71,1,1200.0,1176.0969316301585,2
71,1,1500.0,1780.321443197923,1
72,19,300.0,34.339908208947335,2
72,19,600.0,136.90764184664891,1
73,2,300.0,83.6169553723814,1
76,2,300.0,119.77816332285937,9
76,2,600.0,330.8311291006929,8
76,2,900.0,554.7376287183978,7
76,2,1200.0,718.5089618523972,6
76,2,1500.0,867.4882275992925,5
76,2,1800.0,906.1253837650464,4
76,2,2100.0,723.5546075506187,3
76,2,2400.0,491.3774942465808,2
77,8,300.0,81.86583977916307,9
77,8,600.0,164.7957326229787,8
77,8,900.0,254.06018916016507,7
77,8,1200.0,279.8974030604286,6
77,8,1500.0,313.79735966917633,5
77,8,1800.0,349.00692366328354,4
77,8,2100.0,247.5579745567261,3
77,8,2400.0,236.25457933588467,2
78,4,300.0,55.50852534813362,9
78,4,600.0,107.14722352609934,8
78,4,900.0,119.38376379352523,7
78,4,1200.0,149.3513368705434,6
78,4,1500.0,140.51743168660747,5
78,4,1800.0,107.06059751690825,4
78,4,2100.0,94.72809536263641,3
78,4,2400.0,79.31534113378295,2
79,5,300.0,89.93927329956182,6
79,5,600.0,187.86482758252856,5
79,5,900.0,257.2291341952319,4
79,5,1200.0,318.2485596807994,3
79,5,1500.0,315.80535468070696,2
79,5,1800.0,406.5175664728834,1
80,1,300.0,201.3326809372851,1
81,1,300.0,106.87919264933072,1
86,7,300.0,44.85374681465129,10
86,7,600.0,108.33402294598353,9
86,7,900.0,143.92921179782593,8
86,7,1200.0,187.82573424455381,7
86,7,1500.0,219.8300159143856,6
86,7,1800.0,235.7868484882726,5
86,7,2100.0,272.8901146689208,4
86,7,2400.0,305.1937629949191,3
87,2,300.0,43.98800631704135,3
87,2,600.0,43.66572802653074,2
87,2,900.0,66.52671103342759,1
93,1,300.0,161.07268765624255,11
93,1,600.0,165.40672980625783,10
93,1,900.0,287.9558851432575,9
93,1,1200.0,313.4984958539868,8
93,1,1500.0,434.4144058109002,7
93,1,1800.0,546.6971957052439,6
93,1,2100.0,608.0004904866391,5
93,1,2400.0,658.2443548559522,4
94,1,300.0,186.28325602720903,11
94,1,600.0,314.17493029253404,10
94,1,900.0,581.2496288942924,9
94,1,1200.0,732.3083035840025,8
94,1,1500.0,808.6529042038931,7
94,1,1800.0,829.4645998261003,6
94,1,2100.0,809.3476461088434,5
94,1,2400.0,830.6113043878853,4
95,2,300.0,141.16521169230873,11
95,2,600.0,281.90849435630423,10
95,2,900.0,382.1378047980768,9
95,2,1200.0,442.060135278672,8
95,2,1500.0,463.70069042661925,7
95,2,1800.0,689.9233233266167,6
95,2,2100.0,847.8337820957462,5
95,2,2400.0,1007.0062410084298,4
96,10,300.0,67.32913525539367,4
96,10,600.0,61.66243254145056,3
96,10,900.0,39.48182740410564,2
96,10,1200.0,137.9914600875257,1
97,2,300.0,55.926904714197136,1
98,2,300.0,19.32556531999017,1
103,6,300.0,42.74873279338535,12
103,6,600.0,75.85438165863034,11
103,6,900.0,92.08416957626551,10
103,6,1200.0,140.00805659427698,9
103,6,1500.0,184.50191118125656,8
103,6,1800.0,222.1517753067282,7
103,6,2100.0,314.710948769149,6
103,6,2400.0,427.56009268235573,5
104,7,300.0,50.17451436187972,7
104,7,600.0,85.92264059602986,6
104,7,900.0,58.1774515778485,5
104,7,1200.0,103.45277306811369,4
104,7,1500.0,150.91383110113875,3
104,7,1800.0,139.39879096876,2
104,7,2100.0,132.62130837519553,1
105,3,300.0,54.99367705101114,3
105,3,600.0,68.55391407753123,2
105,3,900.0,36.28523198452587,1
115,1,300.0,146.24708668739655,13
115,1,600.0,341.93152727179086,12
115,1,900.0,547.3208284241568,11
115,1,1200.0,760.2550880623832,10
115,1,1500.0,957.186497933651,9
115,1,1800.0,1240.7309950786826,8
115,1,2100.0,1632.7527524926122,7
115,1,2400.0,1973.5926760549753,6
116,1,300.0,250.18534985170305,13
116,1,600.0,500.4931918521315,12
116,1,900.0,734.741629731121,11
116,1,1200.0,1041.2139713038227,10
116,1,1500.0,1287.4980985627853,9
116,1,1800.0,1395.9528941263538,8
116,1,2100.0,1288.6061637999787,7
116,1,2400.0,1323.487458998598,6
117,2,300.0,110.99329022547163,6
117,2,600.0,151.50747752214397,5
117,2,900.0,194.9941062794651,4
117,2,1200.0,314.00754792133284,3
117,2,1500.0,429.5554271463911,2
117,2,1800.0,785.485322991529,1
118,2,300.0,142.1280396542124,1
127,1,300.0,129.50490090690136,10
127,1,600.0,253.00741911198554,9
127,1,900.0,305.48254340414394,8
127,1,1200.0,308.3732789185641,7
127,1,1500.0,468.1623044185855,6
127,1,1800.0,526.898972557978,5
127,1,2100.0,554.2274806166572,4
127,1,2400.0,605.400100942127,3
128,5,300.0,40.09226158590395,7
128,5,600.0,54.71222415335934,6
128,5,900.0,60.82246116808852,5
128,5,1200.0,92.67065934245574,4
128,5,1500.0,146.01337191081265,3
128,5,1800.0,178.32189004537148,2
128,5,2100.0,142.2602572309086,1
129,4,300.0,80.36597874366419,2
129,4,600.0,204.91421938515003,1
133,3,300.0,97.15427123839362,6
133,3,600.0,196.27412321536593,5
133,3,900.0,375.85630085692617,4
133,3,1200.0,522.8198820396333,3
133,3,1500.0,600.0539349873677,2
133,3,1800.0,745.2854850780357,1
134,7,300.0,54.0411499188207,5
134,7,600.0,173.9084602994331,4
134,7,900.0,345.98068991604765,3
134,7,1200.0,506.30330430525186,2
134,7,1500.0,494.21860935807024,1
135,26,300.0,19.17687338754134,4
135,26,600.0,49.197516383746326,3
135,26,900.0,82.09804116775281,2
135,26,1200.0,92.96916039936056,1
136,2,300.0,203.11635294232974,2
136,2,600.0,235.42783488248426,1
137,7,300.0,36.60863865734515,1
138,1,300.0,217.64997760606434,1
139,1,300.0,110.26619651115566,1
147,4,300.0,95.82503757592738,17
147,4,600.0,150.46950937782418,16
147,4,900.0,159.2410761457434,15
147,4,1200.0,189.03159907277583,14
147,4,1500.0,239.96365087669463,13
147,4,1800.0,246.93359520274637,12
147,4,2100.0,359.49728660564324,11
147,4,2400.0,366.8503372902134,10
148,2,300.0,117.63639594691907,17
148,2,600.0,224.04234611053192,16
148,2,900.0,358.2343383576237,15
148,2,1200.0,494.0424170592734,14
148,2,1500.0,698.5911235520562,13
148,2,1800.0,858.6669353616772,12
148,2,2100.0,1047.3814682215136,11
148,2,2400.0,1269.0951773440133,10
149,3,300.0,106.75171344199435,15
149,3,600.0,161.82717558207858,14
149,3,900.0,247.08511543439775,13
149,3,1200.0,364.0540018216646,12
149,3,1500.0,437.16179607554255,11
149,3,1800.0,587.8144349773055,10
149,3,2100.0,672.5563216908325,9
149,3,2400.0,943.1649108078518,8
150,2,300.0,89.97779388305766,3
150,2,600.0,152.73861550494746,2
150,2,900.0,66.7362067856788,1
151,2,300.0,26.94712551862994,2
151,2,600.0,48.9832943668405,1
152,6,300.0,57.44387601114334,18
152,6,600.0,104.87569082316087,17
152,6,900.0,143.17963778657216,16
152,6,1200.0,187.91672122665966,15
152,6,1500.0,223.94403690085662,14
152,6,1800.0,277.3673022241035,13
152,6,2100.0,323.9388721056726,12
152,6,2400.0,342.42677320413276,11
153,1,300.0,199.64068135725077,16
153,1,600.0,302.76643696213364,15
153,1,900.0,412.94322904676073,14
153,1,1200.0,539.6109135729573,13
153,1,1500.0,539.1187090609727,12
153,1,1800.0,591.6735556288294,11
153,1,2100.0,632.6885740670851,10
153,1,2400.0,657.0175043694185,9
154,4,300.0,63.48661421890731,10
154,4,600.0,115.64846670328951,9
154,4,900.0,138.11991688103564,8
154,4,1200.0,144.68547813013797,7
154,4,1500.0,134.8734373910721,6
154,4,1800.0,127.29243872035283,5
154,4,2100.0,105.90388784546462,4
154,4,2400.0,120.46246791746728,3
155,2,300.0,138.9294760578187,5
155,2,600.0,216.1140895713737,4
155,2,900.0,359.8051758587994,3
155,2,1200.0,464.4051774334701,2
155,2,1500.0,414.24736601062267,1
156,9,300.0,47.846850085381824,2
156,9,600.0,49.90899214464918,1
163,10,300.0,39.173619906700516,6
163,10,600.0,48.9894716180879,5
163,10,900.0,99.72257991452805,4
163,10,1200.0,125.38078296238571,3
163,10,1500.0,135.9820023490344,2
163,10,1800.0,139.93715653072064,1
164,2,300.0,135.57171750631673,6
164,2,600.0,249.1734911488902,5
164,2,900.0,425.87523838367565,4
164,2,1200.0,578.4497348083349,3
164,2,1500.0,511.2214068947353,2
164,2,1800.0,747.5627868897575,1
172,4,300.0,60.462781877947826,20
172,4,600.0,127.1397609769564,19
172,4,900.0,226.4354959352771,18
172,4,1200.0,326.6200118453627,17
172,4,1500.0,447.04638015549926,16
172,4,1800.0,593.7176029653167,15
172,4,2100.0,760.6658933814787,14
172,4,2400.0,940.2254604826895,13
173,2,300.0,178.19736065302533,4
173,2,600.0,436.6213063016482,3
173,2,900.0,987.2530037368904,2
173,2,1200.0,1387.1500901433615,1
174,3,300.0,84.95209221419047,3
174,3,600.0,202.7509018789746,2
174,3,900.0,415.21025042128065,1
177,4,300.0,71.1839208296902,21
177,4,600.0,118.6336460863439,20
177,4,900.0,174.0155751063963,19
177,4,1200.0,232.7218517943285,18
177,4,1500.0,331.2799053362016,17
177,4,1800.0,431.1129313114699,16
177,4,2100.0,519.5579552400599,15
177,4,2400.0,619.8794028420609,14
178,4,300.0,56.21914190348872,5
178,4,600.0,117.30237868494171,4
178,4,900.0,111.31417640993432,3
178,4,1200.0,69.8327778427485,2
178,4,1500.0,81.75933987685944,1
185,5,300.0,73.20693415738671,22
185,5,600.0,124.01961027918854,21
185,5,900.0,158.70195507806548,20
185,5,1200.0,218.58031953781085,19
185,5,1500.0,249.78759854857213,18
185,5,1800.0,255.35325045771145,17
185,5,2100.0,292.029854689053,16
185,5,2400.0,342.3182464216883,15
186,12,300.0,48.98924523602013,2
186,12,600.0,135.4222856931385,1
192,6,300.0,66.86605292357923,23
192,6,600.0,143.5220981408093,22
192,6,900.0,193.46508303249317,21
192,6,1200.0,241.51540809885205,20
192,6,1500.0,286.22058185321794,19
192,6,1800.0,333.25197949420584,18
192,6,2100.0,384.7829026120309,17
192,6,2400.0,421.89913570916303,16
193,6,300.0,60.04382851381066,9
193,6,600.0,127.87332374469898,8
193,6,900.0,161.37664155418923,7
193,6,1200.0,208.06605729752303,6
193,6,1500.0,196.01534272867667,5
193,6,1800.0,288.3347702320613,4
193,6,2100.0,407.5998686197752,3
193,6,2400.0,494.8028883849852,2
194,2,300.0,134.3231338646648,3
194,2,600.0,247.43707293291135,2
194,2,900.0,368.81040155139567,1
200,1,300.0,145.62393768546113,24
200,1,600.0,246.91336070102088,23
200,1,900.0,336.8348562914332,22
200,1,1200.0,457.9465588726572,21
200,1,1500.0,554.7338633725332,20
200,1,1800.0,711.4749805628521,19
200,1,2100.0,882.2007426298393,18
200,1,2400.0,1120.8802272218425,17
201,2,300.0,185.30843709563533,8
201,2,600.0,371.333392662823,7
201,2,900.0,540.3798319699046,6
201,2,1200.0,572.5190772244914,5
201,2,1500.0,803.1182477386706,4
201,2,1800.0,1057.888175616802,3
201,2,2100.0,1591.8765945205423,2
201,2,2400.0,1881.9115857427214,1
202,2,300.0,76.67622937446676,3
202,2,600.0,104.93287411939328,2
202,2,900.0,42.44123017416659,1
203,1,300.0,140.37014338423302,1
204,1,300.0,93.21257759797578,1
218,3,300.0,96.99868493241061,25
218,3,600.0,200.4817193534427,24
218,3,900.0,285.303568104025,23
218,3,1200.0,440.9155621921116,22
218,3,1500.0,615.75438948367,21
218,3,1800.0,777.268212853461,20
218,3,2100.0,967.4788693992814,19
218,3,2400.0,1123.4757093163307,18
219,5,300.0,82.54381574131459,18
219,5,600.0,193.7929997786203,17
219,5,900.0,275.40018118708247,16
219,5,1200.0,337.38458698210553,15
219,5,1500.0,424.13157129027405,14
219,5,1800.0,576.9019428663003,13
219,5,2100.0,772.2533450877967,12
219,5,2400.0,917.3921218643774,11
220,3,300.0,117.59487698670128,4
220,3,600.0,236.90757466319573,3
220,3,900.0,254.4240274696897,2
220,3,1200.0,267.13933082119166,1
221,12,300.0,42.39448538486525,2
221,12,600.0,67.16915519000048,1
224,3,300.0,146.5740901409859,13
224,3,600.0,200.39085704485728,12
224,3,900.0,319.1703561620077,11
224,3,1200.0,383.4846263068788,10
224,3,1500.0,409.7863346811213,9
224,3,1800.0,481.8979088237268,8
224,3,2100.0,602.6010923439518,7
224,3,2400.0,682.3424017634769,6
225,3,300.0,102.6712073161279,8
225,3,600.0,191.60196331971716,7
225,3,900.0,186.7119906092876,6
225,3,1200.0,133.90520690505284,5
225,3,1500.0,88.13039178562782,4
225,3,1800.0,79.99223523002888,3
225,3,2100.0,128.91104555557897,2
225,3,2400.0,163.86580138281334,1
234,6,300.0,52.03148778439402,28
234,6,600.0,98.71305229487771,27
234,6,900.0,162.87406596521598,26
234,6,1200.0,211.7890923795339,25
234,6,1500.0,267.7005873088794,24
234,6,1800.0,321.05385336074295,23
234,6,2100.0,367.2656232071406,22
234,6,2400.0,404.6165524422725,21
235,5,300.0,49.19326841100388,28
235,5,600.0,83.7928492929546,27
235,5,900.0,115.187681259846,26
235,5,1200.0,141.1879070017089,25
235,5,1500.0,176.78865212292212,24
235,5,1800.0,188.9633150241289,23
235,5,2100.0,205.89083526212505,22
235,5,2400.0,204.2977103591047,21
236,4,300.0,51.54040959292879,5
236,4,600.0,107.176095762243,4
236,4,900.0,242.75859309295456,3
236,4,1200.0,351.7150114697533,2
236,4,1500.0,505.68652878246183,1
237,2,300.0,40.2799366410164,3
237,2,600.0,75.71711924675975,2
237,2,900.0,243.08550072350218,1
238,2,300.0,114.0611345909246,3
238,2,600.0,267.14400108647976,2
238,2,900.0,476.11947377822594,1
244,5,300.0,116.37890830438045,1
253,1,300.0,137.25015698496827,30
253,1,600.0,315.45751315381096,29
253,1,900.0,493.59558980049354,28
253,1,1200.0,632.749557918658,27
253,1,1500.0,802.8896511243336,26
253,1,1800.0,1024.9228469359412,25
253,1,2100.0,1265.0666812591573,24
253,1,2400.0,1484.362675331922,23
254,1,300.0,149.38061761094573,30
254,1,600.0,284.75933520721486,29
254,1,900.0,383.5835891429824,28
254,1,1200.0,554.5507570123519,27
254,1,1500.0,743.93301037758,26
254,1,1800.0,870.2296316966322,25
254,1,2100.0,999.3020162957905,24
254,1,2400.0,1152.5515335252533,23
255,6,300.0,63.56833508404108,30
255,6,600.0,127.52947327221847,29
255,6,900.0,183.26076219399738,28
255,6,1200.0,243.747122629485,27
255,6,1500.0,306.43556190650816,26
255,6,1800.0,367.9171537817435,25
255,6,2100.0,405.9398340071807,24
255,6,2400.0,481.57245640070875,23
256,1,300.0,151.47353223740248,30
256,1,600.0,336.65958887317316,29
256,1,900.0,545.7282647167734,28
256,1,1200.0,731.987021359343,27
256,1,1500.0,857.7140176461866,26
256,1,1800.0,957.4932844603347,25
256,1,2100.0,1101.775991174865,24
256,1,2400.0,1203.1660729392386,23
257,33,300.0,25.582590739070444,14
257,33,600.0,38.605635657472334,13
257,33,900.0,53.25001684844235,12
257,33,1200.0,45.48128082693688,11
257,33,1500.0,50.5731280476248,10
257,33,1800.0,48.88252546789809,9
257,33,2100.0,57.27194864885937,8
257,33,2400.0,75.4492993758549,7
258,13,300.0,53.27982821288474,10
258,13,600.0,140.87795089484533,9
258,13,900.0,193.2118511289141,8
258,13,1200.0,186.14168778309414,7
258,13,1500.0,196.2149103628907,6
258,13,1800.0,268.8940244632998,5
258,13,2100.0,400.97302104198724,4
258,13,2400.0,401.64536285934355,3
259,3,300.0,87.36998565800087,1
265,4,300.0,59.833071646822525,13
265,4,600.0,124.40851680834493,12
265,4,900.0,170.9027029593306,11
265,4,1200.0,260.2932655807096,10
265,4,1500.0,401.3234890517295,9
265,4,1800.0,548.3883315888313,8
265,4,2100.0,713.44945199829,7
265,4,2400.0,904.9667070383049,6
274,1,300.0,145.7502775340055,30
274,1,600.0,312.3760296309208,29
274,1,900.0,430.9315845739452,28
274,1,1200.0,533.918230304461,27
274,1,1500.0,636.7544885403394,26
274,1,1800.0,774.3950406144412,25
274,1,2100.0,914.7667291857414,24
274,1,2400.0,1067.4696992413988,23
275,4,300.0,65.06962968728753,7
275,4,600.0,183.96239655190513,6
275,4,900.0,312.2593253236507,5
275,4,1200.0,368.4286768314624,4
275,4,1500.0,388.28025183022027,3
275,4,1800.0,431.31059625010164,2
275,4,2100.0,452.6760217990353,1
276,2,300.0,64.72750890539473,6
276,2,600.0,125.5137449007296,5
276,2,900.0,119.19266381751677,4
276,2,1200.0,75.32506163589414,3
276,2,1500.0,15.645925524156128,2
276,2,1800.0,66.71273842927765,1
277,3,300.0,73.31522800389936,4
277,3,600.0,158.08878540152062,3
277,3,900.0,288.8919041010158,2
277,3,1200.0,248.09318593657662,1
281,12,300.0,46.66390108489806,5
281,12,600.0,29.209654666856906,4
281,12,900.0,73.09471741471678,3
281,12,1200.0,71.3963534132948,2
281,12,1500.0,155.24899398525227,1
282,5,300.0,31.843849378184643,3
282,5,600.0,36.25336149583238,2
282,5,900.0,10.647480855389695,1
283,5,300.0,80.02603400926563,2
283,5,600.0,277.24315048894493,1
284,6,300.0,49.0383129954809,1
289,6,300.0,51.52252027337448,19
289,6,600.0,88.09963781651017,18
289,6,900.0,113.62359063256169,17
289,6,1200.0,141.03748620147942,16
289,6,1500.0,191.19267663973076,15
289,6,1800.0,209.30651944943102,14
289,6,2100.0,198.0384972799749,13
289,6,2400.0,237.07143344361316,12
290,2,300.0,65.41143441404589,3
290,2,600.0,72.58476719276457,2
290,2,900.0,93.62199284024743,1
303,4,300.0,59.358718485213465,16
303,4,600.0,123.73267316107243,15
303,4,900.0,189.75084259476142,14
303,4,1200.0,245.90890934965248,13
303,4,1500.0,263.7686600538271,12
303,4,1800.0,264.12918599694524,11
303,4,2100.0,246.0205350846531,10
303,4,2400.0,248.81205434011704,9
304,2,300.0,156.82043384645021,4
304,2,600.0,196.27632665586125,3
304,2,900.0,278.7868095552526,2
304,2,1200.0,619.8426430427037,1
305,6,300.0,91.43432636700068,1
308,6,300.0,32.95655588465871,1
316,3,300.0,67.94772026275498,5
316,3,600.0,101.41438226448508,4
316,3,900.0,151.72951469333734,3
316,3,1200.0,156.53265937950232,2
316,3,1500.0,361.30464808370243,1
317,5,300.0,58.657171175654845,3
317,5,600.0,154.39031823339656,2
317,5,900.0,174.69352813048732,1
319,6,300.0,49.5190058323025,12
319,6,600.0,72.15503434219536,11
319,6,900.0,73.4794862795315,10
319,6,1200.0,116.6678086829545,9
319,6,1500.0,152.42189300855694,8
319,6,1800.0,155.81564873686605,7
319,6,2100.0,207.78733713305428,6
319,6,2400.0,262.99644378769295,5
320,3,300.0,54.16501382155012,7
320,3,600.0,90.95616726398111,6
320,3,900.0,119.63836597264765,5
320,3,1200.0,152.93861953904837,4
320,3,1500.0,141.57831521122597,3
320,3,1800.0,170.49244690360345,2
320,3,2100.0,193.79405818142786,1
321,4,300.0,58.31257547192693,3
321,4,600.0,203.0923389447259,2
321,4,900.0,360.85768800823575,1
326,5,300.0,55.165247633218996,33
326,5,600.0,105.10959239026579,32
326,5,900.0,185.52662651778974,31
326,5,1200.0,282.03588882889693,30
326,5,1500.0,406.82819815568695,29
326,5,1800.0,532.2045488973087,28
326,5,2100.0,701.9479716101131,27
326,5,2400.0,869.8242892852794,26
327,34,300.0,46.71737729115925,9
327,34,600.0,76.28367384585702,8
327,34,900.0,74.52686316008683,7
327,34,1200.0,98.6552600785884,6
327,34,1500.0,109.93333662955725,5
327,34,1800.0,158.42840597719703,4
327,34,2100.0,198.7612483225887,3
327,34,2400.0,145.0190727933719,2
328,3,300.0,76.62616630989065,9
328,3,600.0,160.34652345087054,8
328,3,900.0,250.78110264802038,7
328,3,1200.0,294.17875883987875,6
328,3,1500.0,381.7240500042406,5
328,3,1800.0,446.54843025140553,4
328,3,2100.0,549.6592614243672,3
328,3,2400.0,793.0602035430572,2
335,1,300.0,262.528985350657,2
335,1,600.0,683.3376213695074,1
336,1,300.0,219.74588031021742,2
336,1,600.0,665.1783584789301,1
337,3,300.0,30.245393403631432,1
344,1,300.0,170.37748866469042,39
344,1,600.0,320.6557935126222,38
344,1,900.0,471.970256527508,37
344,1,1200.0,652.3494694458391,36
344,1,1500.0,819.2108873471944,35
344,1,1800.0,1026.0146069301402,34
344,1,2100.0,1210.4381635652544,33
344,1,2400.0,1433.7281974223854,32
345,1,300.0,132.36505017151381,39
345,1,600.0,296.7227947848485,38
345,1,900.0,435.35831063429225,37
345,1,1200.0,589.8946995730818,36
345,1,1500.0,748.8856108810353,35
345,1,1800.0,899.2764174145256,34
345,1,2100.0,989.5655079936759,33
345,1,2400.0,1101.6610204167414,32
346,6,300.0,95.71860274549998,4
346,6,600.0,97.26246571500853,3
346,6,900.0,96.82935384582046,2
346,6,1200.0,136.63321686073763,1
347,7,300.0,26.018968315296476,4
347,7,600.0,75.74757907458708,3
347,7,900.0,127.65650960357866,2
347,7,1200.0,110.59999015784281,1
351,5,300.0,72.97554094437761,38
351,5,600.0,141.7471962278194,37
351,5,900.0,206.38997094628246,36
351,5,1200.0,269.5034819982967,35
351,5,1500.0,320.28144850904215,34
351,5,1800.0,362.1401801567059,33
351,5,2100.0,370.6321281730826,32
351,5,2400.0,410.7569731023534,31
352,4,300.0,93.41560181684294,22
352,4,600.0,211.8972638924367,21
352,4,900.0,352.7511475100856,20
352,4,1200.0,473.91368194329124,19
352,4,1500.0,599.7165107410053,18
352,4,1800.0,683.282725919207,17
352,4,2100.0,731.808967191972,16
352,4,2400.0,801.684871344268,15
353,13,300.0,21.870976308108627,12
353,13,600.0,28.24460459581654,11
353,13,900.0,40.64279637642774,10
353,13,1200.0,49.3615462899992,9
353,13,1500.0,49.71924874818173,8
353,13,1800.0,55.990289015884706,7
353,13,2100.0,69.57571259092865,6
353,13,2400.0,65.43827130997103,5
354,4,300.0,63.80826766059813,11
354,4,600.0,97.1879452202956,10
354,4,900.0,141.20430243021553,9
354,4,1200.0,170.62392258008384,8
354,4,1500.0,224.24996382895205,7
354,4,1800.0,339.03390666773913,6
354,4,2100.0,392.47225624182306,5
354,4,2400.0,494.98768359396274,4
355,12,300.0,50.80958521442694,9
355,12,600.0,87.73004409001825,8
355,12,900.0,103.72333155958184,7
355,12,1200.0,144.02522509281607,6
355,12,1500.0,148.4806702148463,5
355,12,1800.0,216.09333926476228,4
355,12,2100.0,262.6948564128856,3
355,12,2400.0,280.3529651535197,2
356,1,300.0,192.494407954356,6
356,1,600.0,476.35198208539566,5
356,1,900.0,686.079331675308,4
356,1,1200.0,729.714246410212,3
356,1,1500.0,890.2559530777246,2
356,1,1800.0,1181.0143650156378,1
357,1,300.0,92.01630308502543,1
358,1,300.0,77.19477551990882,1
361,2,300.0,86.33820291687776,15
361,2,600.0,141.3440800456363,14
361,2,900.0,175.62790552083172,13
361,2,1200.0,212.80861794958733,12
361,2,1500.0,210.95810281962179,11
361,2,1800.0,287.49960791981533,10
361,2,2100.0,315.688879942675,9
361,2,2400.0,324.86521532802374,8
368,6,300.0,45.330430915429396,22
368,6,600.0,122.18196231476229,21
368,6,900.0,200.82245228727058,20
368,6,1200.0,265.79356633648666,19
368,6,1500.0,307.3384297933231,18
368,6,1800.0,332.06975205351915,17
368,6,2100.0,383.87175871258887,16
368,6,2400.0,448.01607377515,15
369,3,300.0,97.03415849524293,18
369,3,600.0,200.91215907830346,17
369,3,900.0,277.0904561175105,16
369,3,1200.0,327.0209601359451,15
369,3,1500.0,379.5548961006679,14
369,3,1800.0,415.55113400067023,13
369,3,2100.0,399.71025380491056,12
369,3,2400.0,341.8648119642234,11
370,1,300.0,58.95152540447472,1
371,1,300.0,77.99918303318749,1
372,10,300.0,39.998442433002545,19
372,10,600.0,78.94166338174841,18
372,10,900.0,105.94760927650859,17
372,10,1200.0,140.31195533973664,16
372,10,1500.0,208.1617467726589,15
372,10,1800.0,293.48782363436237,14
372,10,2100.0,382.1010714364214,13
372,10,2400.0,462.89095372589554,12
373,34,300.0,13.520037526438022,6
373,34,600.0,25.338533654892974,5
373,34,900.0,40.63312775708111,4
373,34,1200.0,34.97168787045705,3
373,34,1500.0,29.285401486211327,2
373,34,1800.0,31.922237489551907,1
374,3,300.0,72.75519619277078,6
374,3,600.0,157.95741850388762,5
374,3,900.0,221.98942452431467,4
374,3,1200.0,180.5426457963069,3
374,3,1500.0,200.89498823875508,2
374,3,1800.0,231.05455026911932,1
375,5,300.0,112.05967760836738,3
375,5,600.0,221.7678276074804,2
375,5,900.0,439.07579529640935,1
377,4,300.0,123.72154257384132,11
377,4,600.0,276.6371025481011,10
377,4,900.0,511.9858661671646,9
377,4,1200.0,831.9699718818916,8
377,4,1500.0,1142.2478759448538,7
377,4,1800.0,1400.9363471512459,6
377,4,2100.0,1733.8835790285934,5
377,4,2400.0,2035.0417909937446,4
378,5,300.0,55.43413579788967,7
378,5,600.0,122.52551316413064,6
378,5,900.0,204.80817044749793,5
378,5,1200.0,364.1103939027408,4
378,5,1500.0,426.221642149731,3
378,5,1800.0,425.74562682799456,2
378,5,2100.0,586.7917115731692,1
379,3,300.0,151.78927233438375,6
379,3,600.0,396.6101034038207,5
379,3,900.0,395.0992576911043,4
379,3,1200.0,406.83407357500704,3
379,3,1500.0,368.20354538884783,2
379,3,1800.0,543.6833846971907,1
390,5,300.0,66.04125368573355,25
390,5,600.0,130.76129063246995,24
390,5,900.0,182.2690235535974,23
390,5,1200.0,242.83592147501452,22
390,5,1500.0,298.69107334635146,21
390,5,1800.0,346.4365198446174,20
390,5,2100.0,391.6615714900252,19
390,5,2400.0,435.8660897963409,18
391,3,300.0,71.42538298295219,16
391,3,600.0,150.94876688046412,15
391,3,900.0,213.5806053805206,14
391,3,1200.0,282.3345417442843,13
391,3,1500.0,375.86485380496515,12
391,3,1800.0,499.8391184344358,11
391,3,2100.0,557.0681436218251,10
391,3,2400.0,609.7584525627886,9
392,4,300.0,78.99077193302338,9
392,4,600.0,160.14291970096036,8
392,4,900.0,219.22846948129862,7
392,4,1200.0,287.0006395604847,6
392,4,1500.0,291.8704865812314,5
392,4,1800.0,317.52374149503635,4
392,4,2100.0,362.82251003794664,3
392,4,2400.0,424.92636373751793,2
393,2,300.0,66.51962161905796,5
393,2,600.0,166.98627923108387,4
393,2,900.0,346.3337306450639,3
393,2,1200.0,589.8156039536668,2
393,2,1500.0,1042.9708692207348,1
411,5,300.0,55.20984362664047,13
411,5,600.0,134.82939508556805,12
411,5,900.0,216.5321729460638,11
411,5,1200.0,294.4438638390548,10
411,5,1500.0,344.824038573389,9
411,5,1800.0,427.8891762790158,8
411,5,2100.0,526.6708103013541,7
411,5,2400.0,624.8422948218237,6
412,3,300.0,67.04518932379447,3
412,3,600.0,188.83717550133463,2
412,3,900.0,301.2681699274335,1
413,3,300.0,76.68889645312046,1
414,2,300.0,141.6587757474974,1
415,3,300.0,251.45319982154803,1
426,2,300.0,197.47132107523242,5
426,2,600.0,539.2278709330817,4
426,2,900.0,680.3521595716228,3
426,2,1200.0,720.3984435473478,2
426,2,1500.0,753.7437034358363,1
429,1,300.0,138.4172996139506,56
429,1,600.0,278.3921400612958,55
429,1,900.0,411.05133889004077,54
429,1,1200.0,514.7485947988553,53
429,1,1500.0,641.9793575144504,52
429,1,1800.0,805.944831576546,51
429,1,2100.0,983.3304917389817,50
429,1,2400.0,1175.8959656739166,49
430,1,300.0,135.18904453785646,53
430,1,600.0,269.54865274423736,52
430,1,900.0,376.8283867184974,51
430,1,1200.0,448.8083129505646,50
430,1,1500.0,531.8234524944563,49
430,1,1800.0,612.0095252844359,48
430,1,2100.0,700.2179830945508,47
430,1,2400.0,788.0529239733631,46
431,3,300.0,81.84754276807398,31
431,3,600.0,187.7473806053055,30
431,3,900.0,290.964190395197,29
431,3,1200.0,393.6988275865739,28
431,3,1500.0,478.53445425037876,27
431,3,1800.0,584.8321648085091,26
431,3,2100.0,624.2261681307115,25
431,3,2400.0,610.2637674313374,24
438,4,300.0,76.88958946185001,12
438,4,600.0,141.00057241800184,11
438,4,900.0,251.89463456283352,10
438,4,1200.0,320.3305898172928,9
438,4,1500.0,349.51301113271273,8
438,4,1800.0,407.373882099819,7
438,4,2100.0,412.9757840934617,6
438,4,2400.0,405.86895509888626,5
441,12,300.0,24.719595811896696,13
441,12,600.0,49.638727587614504,12
441,12,900.0,76.07932462464156,11
441,12,1200.0,101.45748355244055,10
441,12,1500.0,125.01066352714075,9
441,12,1800.0,127.1943344978215,8
441,12,2100.0,147.0556498499661,7
441,12,2400.0,190.6344561801093,6
444,3,300.0,46.867058512873136,5
444,3,600.0,142.1037545859039,4
444,3,900.0,227.70178299554195,3
444,3,1200.0,304.04758266364627,2
444,3,1500.0,445.45837826241143,1
445,2,300.0,134.73943815976372,5
445,2,600.0,287.0770558230159,4
445,2,900.0,411.1886566870423,3
445,2,1200.0,302.16345250853897,2
445,2,1500.0,215.7661237847283,1
448,9,300.0,42.746050764451326,13
448,9,600.0,82.87490502748595,12
448,9,900.0,121.64806700042695,11
448,9,1200.0,167.6859231272215,10
448,9,1500.0,201.11176895060396,9
448,9,1800.0,255.33048567711734,8
448,9,2100.0,351.40572026677535,7
448,9,2400.0,438.4054409704058,6
449,5,300.0,99.55906972308908,6
449,5,600.0,196.27101754734858,5
449,5,900.0,341.0734474601878,4
449,5,1200.0,381.89168860751124,3
449,5,1500.0,483.06338290527435,2
449,5,1800.0,562.5437873370685,1
452,3,300.0,85.08484177377606,21
452,3,600.0,177.76899264750458,20
452,3,900.0,255.02849005992127,19
452,3,1200.0,307.840340949386,18
452,3,1500.0,381.58593148846904,17
452,3,1800.0,426.92504602029476,16
452,3,2100.0,456.3328406425811,15
452,3,2400.0,544.0054393424765,14
453,3,300.0,53.16785539856052,7
453,3,600.0,93.5528175424176,6
453,3,900.0,77.66548962392594,5
453,3,1200.0,31.802254830503486,4
453,3,1500.0,52.831785518672255,3
453,3,1800.0,193.68518358427824,2
453,3,2100.0,258.70166843537595,1
454,1,300.0,266.5852555896813,1
455,1,300.0,136.74736881379937,1
460,7,300.0,52.9284761569473,44
460,7,600.0,94.61958520715888,43
460,7,900.0,145.9103378103899,42
460,7,1200.0,175.1326281638366,41
460,7,1500.0,192.0498523495633,40
460,7,1800.0,206.88631308274813,39
460,7,2100.0,211.5728048099875,38
460,7,2400.0,237.18504725986963,37
461,8,300.0,56.818748459802734,20
461,8,600.0,124.9643238828596,19
461,8,900.0,182.50313280173953,18
461,8,1200.0,232.76254125025176,17
461,8,1500.0,267.6063859500303,16
461,8,1800.0,295.02794158378646,15
461,8,2100.0,365.5688541859677,14
461,8,2400.0,429.8920851182515,13
462,1,300.0,153.74346273991839,5
462,1,600.0,334.1988198391644,4
462,1,900.0,383.87911060056325,3
462,1,1200.0,464.57130874954686,2
462,1,1500.0,392.5214886203614,1
463,3,300.0,75.0510250780353,1
469,1,300.0,144.83850602645927,6
469,1,600.0,299.76332885102056,5
469,1,900.0,467.97993398350235,4
469,1,1200.0,819.4338237812311,3
469,1,1500.0,1023.556458505773,2
469,1,1800.0,1201.1291711734816,1
479,5,300.0,42.78308089613967,15
479,5,600.0,67.86484020787236,14
479,5,900.0,103.75777414428792,13
479,5,1200.0,129.94980361449305,12
479,5,1500.0,154.30570671626398,11
479,5,1800.0,162.9820483886563,10
479,5,2100.0,194.18216360009268,9
479,5,2400.0,218.24018338065824,8
480,4,300.0,131.8473646389868,5
480,4,600.0,308.76820936981596,4
480,4,900.0,450.69759091701485,3
480,4,1200.0,463.93196758151885,2
480,4,1500.0,281.36699353839174,1
481,2,300.0,53.650305307123276,2
481,2,600.0,63.413291014324294,1
482,1,300.0,169.01859479101697,66
482,1,600.0,338.38394548672096,65
482,1,900.0,514.7195837561674,64
482,1,1200.0,743.9628541238865,63
482,1,1500.0,946.1569030922718,62
482,1,1800.0,1143.531767754494,61
482,1,2100.0,1287.8848374601448,60
482,1,2400.0,1422.2207648965077,59
483,38,300.0,12.313035551680139,14
483,38,600.0,32.566245469605654,13
483,38,900.0,55.571762429739344,12
483,38,1200.0,81.98441933718223,11
483,38,1500.0,117.99034919278824,10
483,38,1800.0,163.62674323817959,9
483,38,2100.0,209.7099984896219,8
483,38,2400.0,271.29304932407325,7
484,9,300.0,58.14698438401981,3
484,9,600.0,148.24394391296502,2
484,9,900.0,228.33881973268097,1
491,2,300.0,80.9700940473902,8
491,2,600.0,197.88581519220457,7
491,2,900.0,263.7956641751725,6
491,2,1200.0,367.06120504212174,5
491,2,1500.0,484.6775743889,4
491,2,1800.0,561.1636650186102,3
491,2,2100.0,731.9432665783562,2
491,2,2400.0,1006.7212690843924,1
494,14,300.0,41.9770128149667,23
494,14,600.0,85.19888043659763,22
494,14,900.0,124.06921764872811,21
494,14,1200.0,153.17560614120706,20
494,14,1500.0,183.8963981462862,19
494,14,1800.0,231.07364783001262,18
494,14,2100.0,261.6969256791742,17
494,14,2400.0,291.98409366306396,16
495,3,300.0,87.54496559691157,4
495,3,600.0,253.08526281318515,3
495,3,900.0,465.07208670010164,2
495,3,1200.0,406.1448560437881,1
496,8,300.0,29.154267906111617,3
496,8,600.0,85.64442588980407,2
496,8,900.0,89.03508940717458,1
499,3,300.0,106.37037232948292,11
499,3,600.0,161.11630925190093,10
499,3,900.0,255.27583060618133,9
499,3,1200.0,220.93921813241974,8
499,3,1500.0,239.9661802411361,7
499,3,1800.0,329.46609719997883,6
499,3,2100.0,413.75275780181363,5
499,3,2400.0,401.4184425539289,4
500,3,300.0,104.64814818573132,4
500,3,600.0,271.9084503615838,3
500,3,900.0,447.29416988289086,2
500,3,1200.0,623.0650036528779,1
503,5,300.0,74.33833623872404,19
503,5,600.0,176.06792603723716,18
503,5,900.0,273.1781864738356,17
503,5,1200.0,336.2149274175861,16
503,5,1500.0,421.76575956408567,15
503,5,1800.0,510.14259626942015,14
503,5,2100.0,595.9286474257399,13
503,5,2400.0,606.371724552061,12
509,4,300.0,69.89693377148811,25
509,4,600.0,158.50120617689,24
509,4,900.0,263.7948780029579,23
509,4,1200.0,371.6122244496832,22
509,4,1500.0,479.7427923945569,21
509,4,1800.0,588.6784275849293,20
509,4,2100.0,674.4335187579014,19
509,4,2400.0,753.2442441720699,18
513,4,300.0,99.47431890622175,21
513,4,600.0,203.37371879264512,20
513,4,900.0,315.67969708208255,19
513,4,1200.0,404.3087324161304,18
513,4,1500.0,481.5989971486713,17
513,4,1800.0,513.5770965909769,16
513,4,2100.0,554.1182508861388,15
513,4,2400.0,689.0390750559638,14
514,5,300.0,62.33309902820122,20
514,5,600.0,150.53460450957152,19
514,5,900.0,253.5960049014204,18
514,5,1200.0,385.8234643108733,17
514,5,1500.0,529.7383359248676,16
514,5,1800.0,639.9257043168086,15
514,5,2100.0,706.1461896032084,14
514,5,2400.0,782.6244987760679,13
526,1,300.0,159.96829332158555,74
526,1,600.0,314.1354101210492,73
526,1,900.0,451.219269907065,72
526,1,1200.0,579.694401080722,71
526,1,1500.0,733.168366100789,70
526,1,1800.0,904.6697977402822,69
526,1,2100.0,1006.6051342991317,68
526,1,2400.0,1110.4065917034138,67
527,22,300.0,20.596784150853203,5
527,22,600.0,41.78437292452886,4
527,22,900.0,63.28471916247886,3
527,22,1200.0,99.34683417622512,2
527,22,1500.0,125.23881382317197,1
528,2,300.0,123.99258193910437,5
528,2,600.0,156.53668037974035,4
528,2,900.0,313.65960589708806,3
528,2,1200.0,367.900951050811,2
528,2,1500.0,498.58262871969373,1
529,3,300.0,111.10169548947944,4
529,3,600.0,168.47178687554072,3
529,3,900.0,254.1379896938115,2
529,3,1200.0,175.75765246034072,1
530,3,300.0,198.12253593414195,3
530,3,600.0,520.1051718236499,2
530,3,900.0,756.7483546338846,1
533,7,300.0,63.752342927691245,32
533,7,600.0,138.74448863094386,31
533,7,900.0,231.0909592536062,30
533,7,1200.0,323.7447799473208,29
533,7,1500.0,423.4670523067779,28
533,7,1800.0,502.48711529611427,27
533,7,2100.0,562.9217441199912,26
533,7,2400.0,605.3685365271773,25
534,4,300.0,87.62521591837495,8
534,4,600.0,126.09252397229697,7
534,4,900.0,187.38745468969077,6
534,4,1200.0,319.0669879564772,5
534,4,1500.0,452.6210744713566,4
534,4,1800.0,595.579198844757,3
534,4,2100.0,757.7386176230784,2
534,4,2400.0,737.8085317500728,1
535,1,300.0,22.60446192851728,1
536,4,300.0,10.96198567066411,1
543,5,300.0,57.03213541113104,41
543,5,600.0,112.58748510299634,40
543,5,900.0,149.5312844344532,39
543,5,1200.0,185.12471612052687,38
543,5,1500.0,233.18738697177665,37
543,5,1800.0,293.28955383144535,36
543,5,2100.0,354.42037348205906,35
543,5,2400.0,389.812287931179,34
544,3,300.0,86.7197552988027,11
544,3,600.0,151.16796424000546,10
544,3,900.0,220.8595166341142,9
544,3,1200.0,297.9468776281268,8
544,3,1500.0,308.5947996198606,7
544,3,1800.0,387.21821015250066,6
544,3,2100.0,430.40644337292906,5
544,3,2400.0,407.8140833340882,4
545,4,300.0,39.800472122349035,2
545,4,600.0,101.05473378740389,1
550,1,300.0,179.73575097507802,77
550,1,600.0,376.1620074759003,76
550,1,900.0,559.6319763440973,75
550,1,1200.0,731.5971829287739,74
550,1,1500.0,913.4143930074013,73
550,1,1800.0,1071.868718959195,72
550,1,2100.0,1200.7882430159118,71
550,1,2400.0,1307.9290226345381,70
551,8,300.0,43.47702763175725,66
551,8,600.0,91.63509333111305,65
551,8,900.0,147.63283957623725,64
551,8,1200.0,218.26323958739295,63
551,8,1500.0,289.5445707353235,62
551,8,1800.0,367.09623748493044,61
551,8,2100.0,440.24839414377317,60
551,8,2400.0,518.8306755899404,59
552,5,300.0,82.2490865877887,2
552,5,600.0,251.347531624625,1
553,5,300.0,17.817873080863553,1
562,4,300.0,69.74720918450167,6
562,4,600.0,131.5534757156059,5
562,4,900.0,181.5922218991945,4
562,4,1200.0,263.20048544944166,3
562,4,1500.0,234.46257527188965,2
562,4,1800.0,286.63091474354485,1
563,2,300.0,94.2219640595916,13
563,2,600.0,182.11831404998443,12
563,2,900.0,285.7185439173183,11
563,2,1200.0,415.47289677865166,10
563,2,1500.0,491.59978177260086,9
563,2,1800.0,617.4100156997936,8
563,2,2100.0,814.4269465940708,7
563,2,2400.0,928.8308275404506,6
564,3,300.0,57.95385874655095,5
564,3,600.0,98.22365591770031,4
564,3,900.0,186.6699403466124,3
564,3,1200.0,202.80671566335005,2
564,3,1500.0,152.695308461572,1
567,6,300.0,63.43083047243174,40
567,6,600.0,94.70885511786267,39
567,6,900.0,141.24915180716994,38
567,6,1200.0,176.57253421886634,37
567,6,1500.0,209.18670954175644,36
567,6,1800.0,242.9164825549345,35
567,6,2100.0,264.77748551744844,34
567,6,2400.0,287.40240537768767,33
568,7,300.0,64.0273346779981,16
568,7,600.0,123.32065658129181,15
568,7,900.0,166.77110723258372,14
568,7,1200.0,209.36969922460815,13
568,7,1500.0,259.03955194512776,12
568,7,1800.0,312.10099885729227,11
568,7,2100.0,378.1130939468279,10
568,7,2400.0,485.1300656349057,9
569,3,300.0,26.08960293407737,5
569,3,600.0,60.147746434745315,4
569,3,900.0,102.3953766719912,3
569,3,1200.0,128.4515197987981,2
569,3,1500.0,92.71317073625218,1
570,4,300.0,110.83198041777929,3
570,4,600.0,412.58599533481544,2
570,4,900.0,686.5778962961533,1
571,5,300.0,60.21328022139846,2
571,5,600.0,46.992824596161014,1
576,13,300.0,81.14140785104256,4
576,13,600.0,64.67020914302422,3
576,13,900.0,181.21977232805847,2
576,13,1200.0,137.61229066754606,1
581,3,300.0,82.09663016090644,28
581,3,600.0,166.37166183132592,27
581,3,900.0,244.95271136614838,26
581,3,1200.0,355.7680371609294,25
581,3,1500.0,492.29796709173587,24
581,3,1800.0,657.8019197857444,23
581,3,2100.0,800.3495943192204,22
581,3,2400.0,908.566995451408,21
582,3,300.0,95.85679526606955,11
582,3,600.0,226.72587867640095,10
582,3,900.0,468.4289296354965,9
582,3,1200.0,768.3428436506797,8
582,3,1500.0,1137.675226532811,7
582,3,1800.0,1591.9351225602297,6
582,3,2100.0,2057.317411957061,5
582,3,2400.0,2511.348884335156,4
583,3,300.0,98.7250174804041,8
583,3,600.0,244.06824151216415,7
583,3,900.0,447.54427431579785,6
583,3,1200.0,687.5346452358845,5
583,3,1500.0,809.2572154066551,4
583,3,1800.0,889.4158317417081,3
583,3,2100.0,910.1674571754673,2
583,3,2400.0,660.8767810318491,1
584,2,300.0,87.37788297754403,2
584,2,600.0,249.14342505682728,1
585,3,300.0,52.837408863293106,2
585,3,600.0,119.90442769168894,1
590,4,300.0,45.51126643210328,5
590,4,600.0,53.672503258798876,4
590,4,900.0,57.33379910900266,3
590,4,1200.0,30.99803171063719,2
590,4,1500.0,30.960779389554816,1
593,3,300.0,95.53238487270974,10
593,3,600.0,218.5692016978004,9
593,3,900.0,290.37260460046565,8
593,3,1200.0,332.8501740108024,7
593,3,1500.0,342.7211988261704,6
593,3,1800.0,414.8123130358387,5
593,3,2100.0,516.4202673159028,4
593,3,2400.0,613.6805084080424,3
594,13,300.0,18.29787235142637,4
594,13,600.0,38.08094359359652,3
594,13,900.0,69.83030238377744,2
594,13,1200.0,79.01104579615826,1
595,6,300.0,27.74787379567379,2
595,6,600.0,1.0780807757987025,1
596,6,300.0,74.44706951144362,11
596,6,600.0,161.42875946477278,10
596,6,900.0,203.51655532677688,9
596,6,1200.0,225.94969653801684,8
596,6,1500.0,257.3366031131348,7
596,6,1800.0,311.75330536956716,6
596,6,2100.0,473.3256228257167,5
596,6,2400.0,594.4310169335649,4
597,6,300.0,37.11547855066131,6
597,6,600.0,74.58886730952906,5
597,6,900.0,90.29723040797207,4
597,6,1200.0,93.12999439232954,3
597,6,1500.0,81.63156845338062,2
597,6,1800.0,133.70753162448605,1
608,9,300.0,38.66461944704246,23
608,9,600.0,88.87309637763708,22
608,9,900.0,152.80081571429778,21
608,9,1200.0,226.3934720091132,20
608,9,1500.0,312.18867208119497,19
608,9,1800.0,389.84671209751116,18
608,9,2100.0,432.5509229463083,17
608,9,2400.0,466.20695073570926,16
609,4,300.0,85.52202360759169,14
609,4,600.0,137.15535665984427,13
609,4,900.0,212.57431690561052,12
609,4,1200.0,254.4193153013173,11
609,4,1500.0,326.5307534851551,10
609,4,1800.0,440.98319538340303,9
609,4,2100.0,416.540836603912,8
609,4,2400.0,462.7750391952278,7
610,3,300.0,43.67422392399612,5
610,3,600.0,64.84267651242553,4
610,3,900.0,80.39526952803156,3
610,3,1200.0,130.31216571244943,2
610,3,1500.0,90.5218357044478,1
613,7,300.0,59.796309818655175,27
613,7,600.0,100.9623000238424,26
613,7,900.0,128.80344398209357,25
613,7,1200.0,162.13297806092035,24
613,7,1500.0,189.48921025459398,23
613,7,1800.0,191.73349235823278,22
613,7,2100.0,204.6623559336326,21
613,7,2400.0,213.2858630218535,20
618,39,300.0,17.775283956388257,26
618,39,600.0,32.4410943371355,25
618,39,900.0,50.02609429925739,24
618,39,1200.0,71.82641513625057,23
618,39,1500.0,96.65989103419594,22
618,39,1800.0,116.074999332119,21
618,39,2100.0,142.5750451530296,20
618,39,2400.0,170.29567285087697,19
619,3,300.0,92.52932788628674,3
619,3,600.0,110.62035555360643,2
619,3,900.0,168.1162848316443,1
620,1,300.0,145.92427950922144,1
621,2,300.0,92.0131106293118,1
624,4,300.0,142.9190894086173,1
631,4,300.0,61.60360913408097,8
631,4,600.0,136.64946864639782,7
631,4,900.0,228.26388482733873,6
631,4,1200.0,297.50869288425855,5
631,4,1500.0,269.5508696179599,4
631,4,1800.0,265.233218717641,3
631,4,2100.0,308.3315998489765,2
631,4,2400.0,274.34390750767375,1
634,3,300.0,201.29783347554084,4
634,3,600.0,579.7736385479988,3
634,3,900.0,1089.3324951052095,2
634,3,1200.0,1928.5814859593042,1
638,3,300.0,100.3544918636354,6
638,3,600.0,169.55639804736614,5
638,3,900.0,298.0309035500735,4
638,3,1200.0,424.86639768394485,3
638,3,1500.0,456.5947341123785,2
638,3,1800.0,387.15487126835524,1
641,5,300.0,54.51868054520597,17
641,5,600.0,112.89431960738366,16
641,5,900.0,182.13458825847243,15
641,5,1200.0,274.04599377607525,14
641,5,1500.0,384.13163314445853,13
641,5,1800.0,508.95414417616956,12
641,5,2100.0,659.6581761095139,11
641,5,2400.0,829.071844495856,10
642,4,300.0,71.99406616164084,4
642,4,600.0,220.38887203336898,3
642,4,900.0,307.3569046958614,2
642,4,1200.0,295.1109307590063,1
651,6,300.0,47.19469506964484,15
651,6,600.0,96.01567864125457,14
651,6,900.0,123.69487646839639,13
651,6,1200.0,170.54991459698743,12
651,6,1500.0,211.9367005044542,11
651,6,1800.0,244.92847235984647,10
651,6,2100.0,328.37402736009255,9
651,6,2400.0,398.0177605205702,8
652,9,300.0,65.60034017046684,13
652,9,600.0,98.61171742513021,12
652,9,900.0,107.85090955000516,11
652,9,1200.0,97.06982699866587,10
652,9,1500.0,114.54364372863132,9
652,9,1800.0,132.51162211745438,8
652,9,2100.0,126.77585092616762,7
652,9,2400.0,111.10187706070057,6
657,6,300.0,84.46105153200092,17
657,6,600.0,154.696097116958,16
657,6,900.0,265.5652352282487,15
657,6,1200.0,385.5231672017326,14
657,6,1500.0,518.6897021406508,13
657,6,1800.0,719.4987075176529,12
657,6,2100.0,935.7246214721055,11
657,6,2400.0,1120.5772233186794,10
658,6,300.0,47.914375986666755,16
658,6,600.0,107.01262524147697,15
658,6,900.0,150.56650630276891,14
658,6,1200.0,201.47612160428386,13
658,6,1500.0,276.4392652522953,12
658,6,1800.0,368.2421939270789,11
658,6,2100.0,523.1107066302673,10
658,6,2400.0,667.0247497420115,9
659,22,300.0,36.354535976475056,35
659,22,600.0,56.85560163009084,34
659,22,900.0,74.95405815246679,33
659,22,1200.0,91.0733265393007,32
659,22,1500.0,109.76717280747107,31
659,22,1800.0,117.86467607173013,30
659,22,2100.0,131.18121222336043,29
659,22,2400.0,154.70528920902396,28
660,4,300.0,100.18363831321001,15
660,4,600.0,197.39866602727756,14
660,4,900.0,293.4498305598809,13
660,4,1200.0,407.9708976714384,12
660,4,1500.0,535.4715700800057,11
660,4,1800.0,678.0195573361998,10
660,4,2100.0,772.9133713175611,9
660,4,2400.0,744.750173829488,8
661,3,300.0,85.76198766652698,8
661,3,600.0,104.80906419471874,7
661,3,900.0,144.12815745085297,6
661,3,1200.0,134.28989209393995,5
661,3,1500.0,186.9376596650235,4
661,3,1800.0,104.63883492861476,3
661,3,2100.0,118.3304481813326,2
661,3,2400.0,307.06422520503037,1
664,10,300.0,40.56335839329543,67
664,10,600.0,77.18703018682427,66
664,10,900.0,110.40931425840864,65
664,10,1200.0,148.80998713469117,64
664,10,1500.0,181.64019283407967,63
664,10,1800.0,215.57109341351895,62
664,10,2100.0,252.92530223401394,61
664,10,2400.0,293.0318944848713,60
665,12,300.0,32.09730099601973,35
665,12,600.0,64.87698663648396,34
665,12,900.0,96.11874113009938,33
665,12,1200.0,127.9251086605253,32
665,12,1500.0,154.95379663627526,31
665,12,1800.0,182.30332908983053,30
665,12,2100.0,209.05950850208558,29
665,12,2400.0,239.01107273716744,28
670,6,300.0,42.79378896824751,13
670,6,600.0,86.66956288094536,12
670,6,900.0,149.56710971921285,11
670,6,1200.0,219.13954359801977,10
670,6,1500.0,331.825630029552,9
670,6,1800.0,433.7006659353976,8
670,6,2100.0,519.4406286099963,7
670,6,2400.0,636.8368991524151,6
671,10,300.0,31.923587530517775,1
676,12,300.0,69.6669653467244,4
676,12,600.0,104.62829588745939,3
676,12,900.0,132.7970154689708,2
676,12,1200.0,50.91915535218942,1
679,5,300.0,43.19703544870559,21
679,5,600.0,63.586821893331376,20
679,5,900.0,78.91421992773134,19
679,5,1200.0,128.60147485039568,18
679,5,1500.0,151.0702402771462,17
679,5,1800.0,170.12347456702395,16
679,5,2100.0,197.15666084006378,15
679,5,2400.0,216.8735213528424,14
682,12,300.0,43.49034935218873,68
682,12,600.0,82.603595489236,67
682,12,900.0,113.97580913618545,66
682,12,1200.0,142.04224135601388,65
682,12,1500.0,162.43658864065623,64
682,12,1800.0,188.13185926251262,63
682,12,2100.0,214.27395426303664,62
682,12,2400.0,243.12934789607974,61
683,10,300.0,37.38259422927205,8
683,10,600.0,82.6702596121065,7
683,10,900.0,153.8418072981691,6
683,10,1200.0,253.03918819539186,5
683,10,1500.0,340.38534883177124,4
683,10,1800.0,479.3472088831015,3
683,10,2100.0,496.9126265312152,2
683,10,2400.0,696.7601153421834,1
686,5,300.0,38.47806783965783,4
686,5,600.0,92.9307083832,3
686,5,900.0,153.0078464087206,2
686,5,1200.0,214.95918543251176,1
691,12,300.0,46.507237637520966,26
691,12,600.0,99.68123293837566,25
691,12,900.0,165.1988614327275,24
691,12,1200.0,229.38079559374685,23
691,12,1500.0,301.71082976248704,22
691,12,1800.0,357.6139727831559,21
691,12,2100.0,444.0290535110601,20
691,12,2400.0,547.4816249898837,19
692,12,300.0,54.410239472851785,4
692,12,600.0,52.270657971373225,3
692,12,900.0,134.13265525164178,2
692,12,1200.0,169.32083243295517,1
697,7,300.0,65.8333033921878,34
697,7,600.0,120.93564467409695,33
697,7,900.0,169.47833724041033,32
697,7,1200.0,213.31724223248952,31
697,7,1500.0,279.7531412242335,30
697,7,1800.0,359.03615532228616,29
697,7,2100.0,400.71849635568975,28
697,7,2400.0,396.99215430630386,27
700,7,300.0,66.18591096333459,59
700,7,600.0,123.52548945238257,58
700,7,900.0,183.94993957370772,57
700,7,1200.0,238.01398404301628,56
700,7,1500.0,261.67275291576294,55
700,7,1800.0,296.39744195379006,54
700,7,2100.0,303.1439260166236,53
700,7,2400.0,329.8226079860584,52
701,5,300.0,72.08021754878615,75
701,5,600.0,138.7900674224038,74
701,5,900.0,205.59261790384448,73
701,5,1200.0,267.885202125209,72
701,5,1500.0,320.10774270897724,71
701,5,1800.0,392.4163784460152,70
701,5,2100.0,463.28554800038967,69
701,5,2400.0,528.5682921198951,68
704,7,300.0,50.59296017631957,66
704,7,600.0,103.48174592961358,65
704,7,900.0,164.46504440805484,64
704,7,1200.0,212.11793620194186,63
704,7,1500.0,257.37711911080254,62
704,7,1800.0,307.0204228364034,61
704,7,2100.0,349.54082096630043,60
704,7,2400.0,403.05085040879976,59
705,7,300.0,52.53922134029607,49
705,7,600.0,93.8603600648565,48
705,7,900.0,127.86339012619203,47
705,7,1200.0,162.44835586867896,46
705,7,1500.0,204.1818105528854,45
705,7,1800.0,225.42314187753797,44
705,7,2100.0,250.7876010779994,43
705,7,2400.0,293.8993059477364,42
706,9,300.0,48.15747311302521,35
706,9,600.0,101.66091015451094,34
706,9,900.0,176.56618451836286,33
706,9,1200.0,262.8120235888646,32
706,9,1500.0,354.7731987678269,31
706,9,1800.0,450.4425525475098,30
706,9,2100.0,545.9432790505105,29
706,9,2400.0,647.8283025804527,28
709,3,300.0,110.11512071682708,29
709,3,600.0,217.34774845901106,28
709,3,900.0,301.2212047786407,27
709,3,1200.0,372.7028066939757,26
709,3,1500.0,461.34426938688125,25
709,3,1800.0,540.8288174086337,24
709,3,2100.0,604.3166661707351,23
709,3,2400.0,639.2927273477869,22
713,6,300.0,56.031882223027935,23
713,6,600.0,100.9456812273802,22
713,6,900.0,162.858688833957,21
713,6,1200.0,211.35870631171264,20
713,6,1500.0,221.87168573229735,19
713,6,1800.0,242.3454358320913,18
713,6,2100.0,229.10473960714873,17
713,6,2400.0,233.76242010135013,16
718,5,300.0,80.46434469084296,14
718,5,600.0,137.23895000061583,13
718,5,900.0,182.28704675609822,12
718,5,1200.0,194.4662829404916,11
718,5,1500.0,244.45360954972642,10
718,5,1800.0,253.267576793613,9
718,5,2100.0,310.9292562776476,8
718,5,2400.0,319.0612513595027,7
719,3,300.0,82.80327177654668,2
719,3,600.0,268.7363209871981,1
722,5,300.0,66.34287931523997,5
722,5,600.0,89.61934512395185,4
722,5,900.0,136.97177475147484,3
722,5,1200.0,242.58480733527597,2
722,5,1500.0,139.91807193543661,1
725,12,300.0,48.715709917630114,26
725,12,600.0,84.82188814524639,25
725,12,900.0,92.94659373959102,24
725,12,1200.0,95.28889200032567,23
725,12,1500.0,102.81197823504053,22
725,12,1800.0,112.20181192225787,21
725,12,2100.0,148.60779800072402,20
725,12,2400.0,165.82328545297065,19
726,1,300.0,56.16040276235462,1
727,4,300.0,38.4355516394793,1
730,6,300.0,61.128295875762724,7
730,6,600.0,120.8561948754956,6
730,6,900.0,189.23554360156035,5
730,6,1200.0,253.29846933700316,4
730,6,1500.0,284.72121186196495,3
730,6,1800.0,268.5424800503315,2
730,6,2100.0,92.40363318846846,1
733,7,300.0,51.29961624315357,17
733,7,600.0,109.87137696563538,16
733,7,900.0,126.9337268792756,15
733,7,1200.0,156.4307898817549,14
733,7,1500.0,195.60944154577652,13
733,7,1800.0,235.39099017476488,12
733,7,2100.0,271.8711843732443,11
733,7,2400.0,333.7813911947536,10
734,3,300.0,56.97484427954143,6
734,3,600.0,96.11816992124024,5
734,3,900.0,142.61265419703903,4
734,3,1200.0,176.3720311022295,3
734,3,1500.0,244.65841428377513,2
734,3,1800.0,368.93830427982226,1
738,7,300.0,61.30108149400861,15
738,7,600.0,167.36212367531198,14
738,7,900.0,266.8180601185551,13
738,7,1200.0,363.9931388346184,12
738,7,1500.0,493.30645139224436,11
738,7,1800.0,651.6466369490015,10
738,7,2100.0,844.2100717194545,9
738,7,2400.0,1049.7397264645494,8
741,1,300.0,135.51383638765003,2
741,1,600.0,282.7125234648397,1
745,9,300.0,38.79420266558657,19
745,9,600.0,74.79102170088254,18
745,9,900.0,105.27909236118461,17
745,9,1200.0,128.19660347250078,16
745,9,1500.0,130.40353439717572,15
745,9,1800.0,131.54705013783405,14
745,9,2100.0,142.18678913105515,13
745,9,2400.0,149.30611042437593,12
748,12,300.0,37.649193077580804,30
748,12,600.0,50.88359488479182,29
748,12,900.0,67.76232160297987,28
748,12,1200.0,73.69568068419639,27
748,12,1500.0,87.4796650490843,26
748,12,1800.0,100.79601331161491,25
748,12,2100.0,103.68861244485221,24
748,12,2400.0,114.5609065552219,23
749,5,300.0,40.91222340418176,19
749,5,600.0,74.60587738137417,18
749,5,900.0,108.46121687946373,17
749,5,1200.0,140.9797827700736,16
749,5,1500.0,167.06917766904766,15
749,5,1800.0,201.93108168592659,14
749,5,2100.0,258.5457925049499,13
749,5,2400.0,323.9333891365243,12
755,7,300.0,39.19999129332897,27
755,7,600.0,91.9970977516081,26
755,7,900.0,144.24490635760506,25
755,7,1200.0,188.796466455181,24
755,7,1500.0,227.60596044412512,23
755,7,1800.0,264.8576353800256,22
755,7,2100.0,300.1849476663043,21
755,7,2400.0,309.8928422084847,20
759,7,300.0,36.88973132531817,30
759,7,600.0,81.61937445901728,29
759,7,900.0,143.11625704651473,28
759,7,1200.0,198.35423675700707,27
759,7,1500.0,252.26771157751438,26
759,7,1800.0,293.5128876142487,25
759,7,2100.0,334.00191362216106,24
759,7,2400.0,372.3932754160345,23
760,5,300.0,48.09966206504429,23
760,5,600.0,103.42531519537721,22
760,5,900.0,169.92723422369608,21
760,5,1200.0,226.03623910736718,20
760,5,1500.0,309.51784700625217,19
760,5,1800.0,386.0251955930856,18
760,5,2100.0,433.7377859540493,17
760,5,2400.0,432.3750263296543,16
767,39,300.0,20.079757827370827,83
767,39,600.0,43.32306471221448,82
767,39,900.0,67.95392146947977,81
767,39,1200.0,90.99607602856001,80
767,39,1500.0,110.83901754258535,79
767,39,1800.0,134.36329157587406,78
767,39,2100.0,158.2397959407939,77
767,39,2400.0,185.12321085914658,76
768,7,300.0,37.143932223982674,20
768,7,600.0,64.15589557508551,19
768,7,900.0,87.49320212736112,18
768,7,1200.0,100.50752568360849,17
768,7,1500.0,110.10483843515293,16
768,7,1800.0,124.57494623829328,15
768,7,2100.0,155.07915664499177,14
768,7,2400.0,185.62754314666128,13
769,7,300.0,48.561749184945526,2
769,7,600.0,178.80417473374982,1
770,5,300.0,73.12886737094121,2
770,5,600.0,109.66806502038392,1
775,46,300.0,11.911966182937647,3
775,46,600.0,13.423102082340915,2
775,46,900.0,25.093796259029236,1
778,3,300.0,62.020053998580494,24
778,3,600.0,118.83566784035241,23
778,3,900.0,169.95975820718388,22
778,3,1200.0,230.4262488134254,21
778,3,1500.0,287.587198780514,20
778,3,1800.0,343.9093504802779,19
778,3,2100.0,415.72729629611945,18
778,3,2400.0,467.9666111016767,17
781,3,300.0,59.89705583282355,1
782,7,300.0,41.855364897326595,9
782,7,600.0,78.29934032002616,8
782,7,900.0,100.00504647604976,7
782,7,1200.0,139.0652459053571,6
782,7,1500.0,167.35092978779417,5
782,7,1800.0,152.48556250796128,4
782,7,2100.0,165.40784791398477,3
782,7,2400.0,108.23812550670698,2
783,2,300.0,77.48014047860755,1
784,1,300.0,44.334888960592274,1
785,9,300.0,24.926387678271766,24
785,9,600.0,49.39395065764717,23
785,9,900.0,90.94333270327195,22
785,9,1200.0,139.45803294679584,21
785,9,1500.0,200.72513860124047,20
785,9,1800.0,278.1352091873374,19
785,9,2100.0,359.59698953579925,18
785,9,2400.0,453.8861880416115,17
786,7,300.0,38.89379664590031,13
786,7,600.0,73.3436361950774,12
786,7,900.0,103.44753508548006,11
786,7,1200.0,155.57499847537295,10
786,7,1500.0,206.4913322102118,9
786,7,1800.0,300.39820658893996,8
786,7,2100.0,379.13963475289063,7
786,7,2400.0,472.26567623344516,6
791,13,300.0,42.44503408801738,104
791,13,600.0,84.14091944988633,103
791,13,900.0,125.54932232768861,102
791,13,1200.0,162.62145023519983,101
791,13,1500.0,204.95434631547425,100
791,13,1800.0,254.2733984436886,99
791,13,2100.0,301.88961529133985,98
791,13,2400.0,346.2548553055482,97
792,16,300.0,23.626026257976164,3
792,16,600.0,66.59974998905136,2
792,16,900.0,109.86797144882789,1
793,10,300.0,40.92579898120162,63
793,10,600.0,86.01653403741483,62
793,10,900.0,132.23240544929246,61
793,10,1200.0,180.80605817561417,60
793,10,1500.0,230.05382566882005,59
793,10,1800.0,283.60050550128966,58
793,10,2100.0,339.4680771690853,57
793,10,2400.0,397.57969291054667,56
794,46,300.0,16.910681163110276,11
794,46,600.0,36.628821240673545,10
794,46,900.0,54.69284952051042,9
794,46,1200.0,69.35257925583652,8
794,46,1500.0,80.69115024905106,7
794,46,1800.0,100.3236316906926,6
794,46,2100.0,120.18199035816576,5
794,46,2400.0,146.9707920346251,4
799,6,300.0,44.443246016492466,40
799,6,600.0,91.91878341800192,39
799,6,900.0,127.01996531191296,38
799,6,1200.0,169.98530984270872,37
799,6,1500.0,210.84346468276905,36
799,6,1800.0,236.63790436197664,35
799,6,2100.0,245.5105979618514,34
799,6,2400.0,259.2894089357563,33
800,7,300.0,47.850892260212845,36
800,7,600.0,73.59508279884939,35
800,7,900.0,113.27308866150959,34
800,7,1200.0,144.46668093687805,33
800,7,1500.0,182.292610816305,32
800,7,1800.0,223.09398587528395,31
800,7,2100.0,263.8455356706913,30
800,7,2400.0,295.53166952288433,29
805,5,300.0,54.07993432440758,27
805,5,600.0,94.809635350167,26
805,5,900.0,133.6361571770559,25
805,5,1200.0,168.5327500301261,24
805,5,1500.0,203.10667357863883,23
805,5,1800.0,215.99705803639915,22
805,5,2100.0,227.7985637780371,21
805,5,2400.0,240.79788382278412,20
812,16,300.0,16.880180683692164,3
812,16,600.0,14.625272559836954,2
812,16,900.0,19.148678701727043,1
815,10,300.0,24.18464858931115,5
815,10,600.0,38.76013783578455,4
815,10,900.0,54.660554523181894,3
815,10,1200.0,54.34316881586431,2
815,10,1500.0,22.148335718542096,1
818,3,300.0,73.85819844977597,14
818,3,600.0,146.3278217305421,13
818,3,900.0,178.7430192367381,12
818,3,1200.0,227.900233162084,11
818,3,1500.0,299.8173280766138,10
818,3,1800.0,395.97305209848037,9
818,3,2100.0,477.86756463615353,8
818,3,2400.0,555.5824206964503,7
821,5,300.0,16.435677563521093,9
821,5,600.0,31.280875273471732,8
821,5,900.0,37.188511531512454,7
821,5,1200.0,37.14492267390725,6
821,5,1500.0,41.703554453683026,5
821,5,1800.0,53.125990953726074,4
821,5,2100.0,42.56870371654764,3
821,5,2400.0,29.285239725946823,2
822,10,300.0,41.251867702602325,4
822,10,600.0,124.95961854805795,3
822,10,900.0,278.3052125719065,2
822,10,1200.0,460.5380026411851,1
827,3,300.0,102.04577940037655,5
827,3,600.0,218.15450621724355,4
827,3,900.0,310.46073070398637,3
827,3,1200.0,478.7188664382281,2
827,3,1500.0,602.7887901249682,1
831,3,300.0,31.092782705290276,1
832,6,300.0,30.669978032615965,18
832,6,600.0,57.375859594228416,17
832,6,900.0,98.61023319271968,16
832,6,1200.0,125.68137590661617,15
832,6,1500.0,161.89619554890552,14
832,6,1800.0,164.93521607345082,13
832,6,2100.0,179.87882055488657,12
832,6,2400.0,196.35069882736568,11
833,1,300.0,10.384586560230883,1
834,2,300.0,43.77481802555414,1
839,12,300.0,30.39382893127096,50
839,12,600.0,68.55066661302507,49
839,12,900.0,109.1080762510965,48
839,12,1200.0,148.99170199917586,47
839,12,1500.0,194.6042911636035,46
839,12,1800.0,243.82164053234035,45
839,12,2100.0,287.30024450650353,44
839,12,2400.0,330.85307588469266,43
840,5,300.0,59.74377725714393,38
840,5,600.0,133.78514100056145,37
840,5,900.0,183.64409470237538,36
840,5,1200.0,242.69675065552136,35
840,5,1500.0,295.5702662225378,34
840,5,1800.0,344.28711308236586,33
840,5,2100.0,400.4206241202763,32
840,5,2400.0,460.8882746507021,31
841,46,300.0,15.138574378795148,22
841,46,600.0,25.945089544420117,21
841,46,900.0,36.539699244926545,20
841,46,1200.0,42.169415794347586,19
841,46,1500.0,55.700716880684894,18
841,46,1800.0,72.48476346739918,17
841,46,2100.0,82.96130134401855,16
841,46,2400.0,99.45347181685146,15
850,16,300.0,27.25854787560674,21
850,16,600.0,60.34052388902929,20
850,16,900.0,87.13548199067533,19
850,16,1200.0,107.46302145207439,18
850,16,1500.0,134.121960357623,17
850,16,1800.0,174.56912102573767,16
850,16,2100.0,205.34833073260089,15
850,16,2400.0,222.06233392118725,14
851,6,300.0,27.92402124004183,4
851,6,600.0,60.38939386948335,3
851,6,900.0,83.50147012514171,2
851,6,1200.0,51.39743350412789,1
852,12,300.0,19.88849333474886,1
859,5,300.0,38.30674458105073,16
859,5,600.0,52.76719107120303,15
859,5,900.0,62.65263419547243,14
859,5,1200.0,76.74021968448145,13
859,5,1500.0,85.2287926658074,12
859,5,1800.0,87.89269092467549,11
859,5,2100.0,103.00803184441247,10
859,5,2400.0,104.53471201601727,9
860,10,300.0,39.00533080517271,16
860,10,600.0,74.25476473092341,15
860,10,900.0,88.83641937950317,14
860,10,1200.0,114.78997490627891,13
860,10,1500.0,140.9747835572331,12
860,10,1800.0,154.1938176931212,11
860,10,2100.0,141.8080894001236,10
860,10,2400.0,137.58108552753825,9
861,12,300.0,31.416712142118886,90
861,12,600.0,61.31973498106009,89
861,12,900.0,90.67729417526083,88
861,12,1200.0,124.67018869637438,87
861,12,1500.0,154.8729662462547,86
861,12,1800.0,183.76637789255903,85
861,12,2100.0,206.54251285187405,84
861,12,2400.0,232.9738397694058,83
866,13,300.0,26.239404493074876,32
866,13,600.0,52.769847082989614,31
866,13,900.0,85.5690677203413,30
866,13,1200.0,128.29828424465694,29
866,13,1500.0,170.90177404730545,28
866,13,1800.0,219.75286931810922,27
866,13,2100.0,279.84746077785104,26
866,13,2400.0,342.20851417401894,25
867,3,300.0,74.76609942707974,8
867,3,600.0,95.40058068231001,7
867,3,900.0,106.65730159788,6
867,3,1200.0,103.44812712268413,5
867,3,1500.0,60.4429853652577,4
867,3,1800.0,98.14999189995842,3
867,3,2100.0,93.94207200593382,2
867,3,2400.0,143.41716658791265,1
870,26,300.0,23.36553052985002,117
870,26,600.0,44.72736141168463,116
870,26,900.0,64.91684158090837,115
870,26,1200.0,83.55694725041914,114
870,26,1500.0,104.3386867254417,113
870,26,1800.0,122.83245915501574,112
870,26,2100.0,139.79108889511028,111
870,26,2400.0,152.99061006649447,110
877,3,300.0,43.80730671371714,3
877,3,600.0,99.6708189318467,2
877,3,900.0,149.99962464804238,1
878,7,300.0,35.738405404389354,43
878,7,600.0,83.37377248911098,42
878,7,900.0,128.99586681959855,41
878,7,1200.0,177.36577805239128,40
878,7,1500.0,227.73218501533913,39
878,7,1800.0,275.643161872028,38
878,7,2100.0,324.1017886760581,37
878,7,2400.0,364.234579434961,36
883,3,300.0,57.85414481218587,2
883,3,600.0,214.03131774843516,1
886,5,300.0,43.52779183120721,14
886,5,600.0,79.98655947546887,13
886,5,900.0,106.58970984041525,12
886,5,1200.0,113.58888441890855,11
886,5,1500.0,96.1471711390587,10
886,5,1800.0,113.07040358294616,9
886,5,2100.0,148.94506666342073,8
886,5,2400.0,158.59602560820764,7
889,3,300.0,51.118046274899896,8
889,3,600.0,119.31731586472824,7
889,3,900.0,184.69497799202836,6
889,3,1200.0,277.27854571306034,5
889,3,1500.0,384.347072657093,4
889,3,1800.0,489.8819494884961,3
889,3,2100.0,668.5538895515585,2
889,3,2400.0,781.4934224586175,1
892,26,300.0,20.626821066399934,23
892,26,600.0,44.17281511238187,22
892,26,900.0,68.26558811757192,21
892,26,1200.0,88.34190422967038,20
892,26,1500.0,102.61085245395546,19
892,26,1800.0,111.90717203007915,18
892,26,2100.0,120.31944257747509,17
892,26,2400.0,128.71693276671596,16
893,3,300.0,43.19768543666731,5
893,3,600.0,74.96177226150652,4
893,3,900.0,101.41629539742199,3
893,3,1200.0,102.98639224073675,2
893,3,1500.0,106.16599334191419,1
898,12,300.0,25.536152426232498,33
898,12,600.0,53.587145500655865,32
898,12,900.0,68.51306316928537,31
898,12,1200.0,80.96335726344473,30
898,12,1500.0,98.02891376810767,29
898,12,1800.0,112.77907372007819,28
898,12,2100.0,114.37678676509016,27
898,12,2400.0,110.5480470811695,26
899,12,300.0,25.43617254187757,28
899,12,600.0,46.47895693047128,27
899,12,900.0,61.74965181353049,26
899,12,1200.0,92.06135754654407,25
899,12,1500.0,112.21584035250682,24
899,12,1800.0,131.74791102124695,23
899,12,2100.0,157.32417323111662,22
899,12,2400.0,172.25895522074336,21
900,16,300.0,28.78394665563273,34
900,16,600.0,51.52494740910156,33
900,16,900.0,79.6002215941135,32
900,16,1200.0,111.38571461210948,31
900,16,1500.0,126.95288921056293,30
900,16,1800.0,140.57098868870963,29
900,16,2100.0,149.55100310959344,28
900,16,2400.0,146.85683146486357,27
901,26,300.0,6.8072467728031745,2
901,26,600.0,14.579763741153343,1
906,46,300.0,13.905004201893483,38
906,46,600.0,29.430227611859,37
906,46,900.0,42.41632617678004,36
906,46,1200.0,52.34551817023935,35
906,46,1500.0,62.67993879080743,34
906,46,1800.0,74.8873526390093,33
906,46,2100.0,87.4913538950484,32
906,46,2400.0,99.41158983353256,31
913,3,300.0,73.53066380095377,12
913,3,600.0,145.0172464148727,11
913,3,900.0,258.74759953646213,10
913,3,1200.0,328.3034171693424,9
913,3,1500.0,461.70515000244274,8
913,3,1800.0,551.4044565207586,7
913,3,2100.0,742.9343630069849,6
913,3,2400.0,951.7704339957911,5
916,10,300.0,26.613548564551056,42
916,10,600.0,47.829008744843186,41
916,10,900.0,79.0484941517597,40
916,10,1200.0,113.56282425003633,39
916,10,1500.0,155.2845054162059,38
916,10,1800.0,195.54959566061456,37
916,10,2100.0,230.6073762070406,36
916,10,2400.0,262.8811436094726,35
917,7,300.0,37.56690919453113,35
917,7,600.0,73.76168730137802,34
917,7,900.0,110.17329728707256,33
917,7,1200.0,145.20109803750492,32
917,7,1500.0,181.15636314446337,31
917,7,1800.0,214.23756286551824,30
917,7,2100.0,238.81646963632838,29
917,7,2400.0,256.0499866789208,28
920,5,300.0,54.64498338694206,28
920,5,600.0,102.20178793732805,27
920,5,900.0,148.12596825128992,26
920,5,1200.0,198.25147320313238,25
920,5,1500.0,241.60467467643753,24
920,5,1800.0,297.2312139405512,23
920,5,2100.0,356.8130669217762,22
920,5,2400.0,433.1875564681929,21
923,6,300.0,34.828043543675854,49
923,6,600.0,65.6619189093875,48
923,6,900.0,95.64650961285935,47
923,6,1200.0,137.08165126736017,46
923,6,1500.0,171.79693654290907,45
923,6,1800.0,202.32749232000262,44
923,6,2100.0,232.9120969345571,43
923,6,2400.0,264.418833902178,42
928,16,300.0,28.188050061808102,15
928,16,600.0,59.90939449719614,14
928,16,900.0,76.72094275739383,13
928,16,1200.0,91.31863412789325,12
928,16,1500.0,123.60954138834632,11
928,16,1800.0,142.0557442795756,10
928,16,2100.0,176.54630801691115,9
928,16,2400.0,215.05214887777274,8
933,10,300.0,26.49427316540136,8
933,10,600.0,50.87718879566203,7
933,10,900.0,73.52244305743721,6
933,10,1200.0,116.09328915019671,5
933,10,1500.0,163.00560987838406,4
933,10,1800.0,235.02907964601823,3
933,10,2100.0,283.24315313166903,2
933,10,2400.0,325.8024319270654,1
934,3,300.0,56.63680097415019,11
934,3,600.0,119.72345679080277,10
934,3,900.0,137.7124451229095,9
934,3,1200.0,154.88432320005643,8
934,3,1500.0,155.13286093181588,7
934,3,1800.0,151.00301597147103,6
934,3,2100.0,154.54403711083137,5
934,3,2400.0,173.27389418523111,4
937,46,300.0,15.800828229722518,21
937,46,600.0,36.38758502584528,20
937,46,900.0,57.10442257998971,19
937,46,1200.0,70.18215388943591,18
937,46,1500.0,80.19070475456965,17
937,46,1800.0,97.33989339852783,16
937,46,2100.0,111.98817971286374,15
937,46,2400.0,132.07081520359242,14
941,12,300.0,28.467072500143505,130
941,12,600.0,56.50462082496097,129
941,12,900.0,83.61138934624822,128
941,12,1200.0,106.06131000833335,127
941,12,1500.0,129.32973356964652,126
941,12,1800.0,152.32424119210972,125
941,12,2100.0,173.77065091501976,124
941,12,2400.0,189.10354236104143,123
951,13,300.0,28.010853133170453,56
951,13,600.0,49.547189480557684,55
951,13,900.0,69.2666585723184,54
951,13,1200.0,89.68623071695868,53
951,13,1500.0,108.59325702683306,52
951,13,1800.0,129.24256249105738,51
951,13,2100.0,152.71098139520362,50
951,13,2400.0,171.24518779268845,49
952,6,300.0,35.23090404231226,10
952,6,600.0,51.8471290629457,9
952,6,900.0,69.1070583288539,8
952,6,1200.0,86.44555900994153,7
952,6,1500.0,70.84141258602683,6
952,6,1800.0,69.09578113320563,5
952,6,2100.0,59.289521131471844,4
952,6,2400.0,57.318178198500185,3
953,10,300.0,49.973868623478154,3
953,10,600.0,171.7921656024696,2
953,10,900.0,383.5844166206508,1
960,5,300.0,40.8784446836177,20
960,5,600.0,95.24787547725354,19
960,5,900.0,140.00745257729093,18
960,5,1200.0,178.9255517398309,17
960,5,1500.0,213.3164484512056,16
960,5,1800.0,255.64403515758158,15
960,5,2100.0,267.8217237368467,14
960,5,2400.0,292.58625582563093,13
961,3,300.0,83.52732811878909,9
961,3,600.0,186.53554123100295,8
961,3,900.0,331.3952064189086,7
961,3,1200.0,388.72352381684397,6
961,3,1500.0,451.29186724751105,5
961,3,1800.0,434.5465163974046,4
961,3,2100.0,330.11716921832726,3
961,3,2400.0,345.8586522382014,2
962,26,300.0,14.491361532871707,35
962,26,600.0,28.62811844448354,34
962,26,900.0,38.78087951419147,33
962,26,1200.0,50.38887451771153,32
962,26,1500.0,62.82978899693115,31
962,26,1800.0,74.05203182674819,30
962,26,2100.0,80.0977193484697,29
962,26,2400.0,84.10119175795106,28
967,16,300.0,22.65127682453394,19
967,16,600.0,46.63325319965399,18
967,16,900.0,66.4341151483444,17
967,16,1200.0,100.18048080998734,16
967,16,1500.0,128.7659168185279,15
967,16,1800.0,167.55200948835682,14
967,16,2100.0,208.8856293334066,13
967,16,2400.0,254.37044240780145,12
972,12,300.0,33.63364883793567,14
972,12,600.0,69.25174196953571,13
972,12,900.0,106.56326881393255,12
972,12,1200.0,127.23202693361287,11
972,12,1500.0,121.27389612625389,10
972,12,1800.0,130.2403486632806,9
972,12,2100.0,166.14269709655804,8
972,12,2400.0,222.3824295243442,7
973,26,300.0,28.15322314709698,2
973,26,600.0,33.90941743436558,1
978,46,300.0,14.28860083860928,26
978,46,600.0,28.28609308676153,25
978,46,900.0,44.22779517120003,24
978,46,1200.0,67.50699719519196,23
978,46,1500.0,90.0115883607859,22
978,46,1800.0,112.20338406743002,21
978,46,2100.0,136.348179434655,20
978,46,2400.0,162.38934545346373,19
979,3,300.0,79.91085221323749,14
979,3,600.0,153.76600039227543,13
979,3,900.0,220.52778554051596,12
979,3,1200.0,271.14168553648625,11
979,3,1500.0,360.0748058696445,10
979,3,1800.0,462.509540310395,9
979,3,2100.0,502.27750503427046,8
979,3,2400.0,562.6818449920786,7
987,7,300.0,39.06341948294987,40
987,7,600.0,85.53061703588769,39
987,7,900.0,143.501909379796,38
987,7,1200.0,191.2982846284417,37
987,7,1500.0,248.03793718035467,36
987,7,1800.0,311.9922978022424,35
987,7,2100.0,390.55679633557406,34
987,7,2400.0,461.12312666979676,33
988,6,300.0,36.22698915875033,25
988,6,600.0,72.47950473686542,24
988,6,900.0,99.64972572615656,23
988,6,1200.0,122.42385166962254,22
988,6,1500.0,148.58013023530853,21
988,6,1800.0,176.39491017848306,20
988,6,2100.0,197.1474866328956,19
988,6,2400.0,233.61400762721243,18
991,10,300.0,30.44229971579584,25
991,10,600.0,54.0677973029243,24
991,10,900.0,73.04426757784049,23
991,10,1200.0,84.49861385293504,22
991,10,1500.0,94.80903818870924,21
991,10,1800.0,107.93687423522356,20
991,10,2100.0,126.9211179622916,19
991,10,2400.0,144.9163679306799,18
998,5,300.0,44.40938691583027,20
998,5,600.0,85.9051832716827,19
998,5,900.0,143.0005391638864,18
998,5,1200.0,195.1102172178162,17
998,5,1500.0,246.9188050579811,16
998,5,1800.0,293.5923512004037,15
998,5,2100.0,324.2414001475076,14
998,5,2400.0,366.9377926671174,13
1001,3,300.0,58.922792087039696,5
1001,3,600.0,128.0803103212434,4
1001,3,900.0,133.963070611131,3
1001,3,1200.0,268.3003390446724,2
1001,3,1500.0,460.3104415709809,1
1006,7,300.0,38.67656946626865,125
1006,7,600.0,74.35745462415377,124
1006,7,900.0,107.78033727047301,123
1006,7,1200.0,144.94682160818536,122
1006,7,1500.0,179.21001313178547,121
1006,7,1800.0,210.2914678744202,120
1006,7,2100.0,237.65696560445213,119
1006,7,2400.0,254.83924182976895,118
1009,5,300.0,43.32342346364778,105
1009,5,600.0,91.07053854307024,104
1009,5,900.0,139.9643035024366,103
1009,5,1200.0,183.7134292276587,102
1009,5,1500.0,225.86972254013222,101
1009,5,1800.0,263.060238535943,100
1009,5,2100.0,297.9138184020553,99
1009,5,2400.0,328.17778850198727,98
1010,5,300.0,28.91168033137652,8
1010,5,600.0,55.84009910685258,7
1010,5,900.0,58.53512017119556,6
1010,5,1200.0,70.69330562130399,5
1010,5,1500.0,89.76075014903239,4
1010,5,1800.0,92.29112363105229,3
1010,5,2100.0,106.16470675270773,2
1010,5,2400.0,96.47692094327431,1
1011,3,300.0,104.78026284040007,4
1011,3,600.0,214.53263579107343,3
1011,3,900.0,171.7491039616737,2
1011,3,1200.0,268.5432381739997,1
1012,7,300.0,30.329540125075013,2
1012,7,600.0,33.653450022912594,1
1019,12,300.0,24.881975236970575,69
1019,12,600.0,48.74301456197804,68
1019,12,900.0,73.19122841974507,67
1019,12,1200.0,95.47982334721269,66
1019,12,1500.0,121.84992628314515,65
1019,12,1800.0,145.69764473165176,64
1019,12,2100.0,167.20512938195978,63
1019,12,2400.0,184.20266495358234,62
1024,13,300.0,23.389286219988637,42
1024,13,600.0,45.42510367296889,41
1024,13,900.0,64.63646509448475,40
1024,13,1200.0,87.44688500841846,39
1024,13,1500.0,109.75638121669121,38
1024,13,1800.0,126.43643587375745,37
1024,13,2100.0,145.49715736038542,36
1024,13,2400.0,165.57119135947843,35
1027,5,300.0,33.2459878474248,4
1027,5,600.0,38.96454468068572,3
1027,5,900.0,11.323799206440691,2
1027,5,1200.0,18.11441167044258,1
1030,7,300.0,34.624117705053465,19
1030,7,600.0,77.33964850511677,18
1030,7,900.0,126.27319537008407,17
1030,7,1200.0,193.14600527141516,16
1030,7,1500.0,258.8257616814925,15
1030,7,1800.0,334.69521058791645,14
1030,7,2100.0,403.48111186651147,13
1030,7,2400.0,494.63962260304237,12
1031,3,300.0,70.50438769234488,6
1031,3,600.0,141.81742230103532,5
1031,3,900.0,225.37921936055974,4
1031,3,1200.0,291.5586522814647,3
1031,3,1500.0,332.5522940274531,2
1031,3,1800.0,262.3717552377324,1
1039,12,300.0,25.154039556922697,84
1039,12,600.0,52.121608785614484,83
1039,12,900.0,79.6549291941819,82
1039,12,1200.0,106.81663643439529,81
1039,12,1500.0,133.72140875474582,80
1039,12,1800.0,157.26812319490884,79
1039,12,2100.0,176.4466034742615,78
1039,12,2400.0,189.41924202465836,77
1040,5,300.0,38.61928037032558,16
1040,5,600.0,52.47066966412042,15
1040,5,900.0,96.75712415850455,14
1040,5,1200.0,128.13902006318926,13
1040,5,1500.0,178.80553007474137,12
1040,5,1800.0,203.28465378118452,11
1040,5,2100.0,233.03413215433898,10
1040,5,2400.0,237.4635263672869,9
1043,13,300.0,25.884617299921555,13
1043,13,600.0,56.53479104738552,12
1043,13,900.0,99.611084240239,11
1043,13,1200.0,122.910363424964,10
1043,13,1500.0,151.94751584717733,9
1043,13,1800.0,184.2499288613689,8
1043,13,2100.0,226.5379931123429,7
1043,13,2400.0,276.9481562754808,6
1044,7,300.0,26.612373311601996,9
1044,7,600.0,85.89141642219684,8
1044,7,900.0,156.39314514355087,7
1044,7,1200.0,219.5216233033996,6
1044,7,1500.0,309.84551935255627,5
1044,7,1800.0,461.2643200582477,4
1044,7,2100.0,663.8663938344799,3
1044,7,2400.0,818.1118677966488,2
1053,5,300.0,47.8414392871054,14
1053,5,600.0,109.69186210736187,13
1053,5,900.0,198.49649873437318,12
1053,5,1200.0,294.90844654307125,11
1053,5,1500.0,407.4303917264294,10
1053,5,1800.0,552.9551126625553,9
1053,5,2100.0,734.9011019772516,8
1053,5,2400.0,905.1311635128437,7
1054,13,300.0,35.856506786756235,3
1054,13,600.0,61.50040601879225,2
1054,13,900.0,137.3224992816287,1
1056,16,300.0,25.522725240443833,56
1056,16,600.0,44.591654563028676,55
1056,16,900.0,60.3499626058383,54
1056,16,1200.0,70.83617564116129,53
1056,16,1500.0,79.12601864956225,52
1056,16,1800.0,89.927702807785,51
1056,16,2100.0,101.81142246401228,50
1056,16,2400.0,112.75550355076786,49
1057,14,300.0,23.116346269817527,3
1057,14,600.0,55.10235673621871,2
1057,14,900.0,73.00853565820965,1
1058,4,300.0,24.83632611786892,3
1058,4,600.0,68.44718140832309,2
1058,4,900.0,82.98189398805216,1
1061,7,300.0,36.04540648778762,9
1061,7,600.0,79.76474448626448,8
1061,7,900.0,118.25662562394574,7
1061,7,1200.0,137.9024473797027,6
1061,7,1500.0,150.21095693321507,5
1061,7,1800.0,217.65771326733991,4
1061,7,2100.0,269.4800871868404,3
1061,7,2400.0,391.21113783954354,2
1062,3,300.0,65.24777327817037,21
1062,3,600.0,145.60373342024093,20
1062,3,900.0,210.25680779935507,19
1062,3,1200.0,285.53316672595577,18
1062,3,1500.0,365.22324428670186,17
1062,3,1800.0,442.2572122747695,16
1062,3,2100.0,509.80819062000387,15
1062,3,2400.0,569.2642040691195,14
1067,7,300.0,36.383434600525135,31
1067,7,600.0,69.80876334477233,30
1067,7,900.0,113.32193897054877,29
1067,7,1200.0,165.06493344193612,28
1067,7,1500.0,208.47194858768123,27
1067,7,1800.0,252.65173067844364,26
1067,7,2100.0,301.60378769409226,25
1067,7,2400.0,352.7427148091095,24
1068,7,300.0,15.46356523173048,3
1068,7,600.0,25.423979389772704,2
1068,7,900.0,77.47471321868005,1
1069,3,300.0,50.034252249126524,2
1069,3,600.0,92.24926378989079,1
1074,46,300.0,13.667621600768205,50
1074,46,600.0,30.475516682315778,49
1074,46,900.0,48.85441724211919,48
1074,46,1200.0,67.8380023267234,47
1074,46,1500.0,82.69364845504774,46
1074,46,1800.0,97.20594354831216,45
1074,46,2100.0,109.96886754826363,44
1074,46,2400.0,121.71290863603899,43
1075,2,300.0,63.89719780329665,1
1076,1,300.0,38.46762566197135,1
1081,6,300.0,30.091578060100225,51
1081,6,600.0,66.75313000352553,50
1081,6,900.0,108.4327963490198,49
1081,6,1200.0,143.78993953447932,48
1081,6,1500.0,180.18609234821622,47
1081,6,1800.0,219.0667430124729,46
1081,6,2100.0,268.6913746150919,45
1081,6,2400.0,318.41217282615463,44
1082,12,300.0,25.073619402647353,20
1082,12,600.0,59.94179605952996,19
1082,12,900.0,99.29641593930845,18
1082,12,1200.0,154.7452797138807,17
1082,12,1500.0,209.1486953409577,16
1082,12,1800.0,268.4723813595642,15
1082,12,2100.0,328.8471777980126,14
1082,12,2400.0,397.44378339086074,13
1083,7,300.0,46.62926490913335,5
1083,7,600.0,87.05688330776297,4
1083,7,900.0,76.67536087191658,3
1083,7,1200.0,81.0947452260207,2
1083,7,1500.0,80.76230667268288,1
1089,3,300.0,30.627328853883874,8
1089,3,600.0,40.21523784227809,7
1089,3,900.0,72.54941896967038,6
1089,3,1200.0,93.95887079729464,5
1089,3,1500.0,103.42403091390958,4
1089,3,1800.0,141.4447941536756,3
1089,3,2100.0,168.90944473156244,2
1089,3,2400.0,215.2475269799643,1
1090,5,300.0,50.71596207450133,28
1090,5,600.0,105.75638809118783,27
1090,5,900.0,161.95618712053368,26
1090,5,1200.0,240.14981766080425,25
1090,5,1500.0,297.22347080272124,24
1090,5,1800.0,375.9458198956795,23
1090,5,2100.0,463.5954791316113,22
1090,5,2400.0,547.9395217627889,21
1095,18,300.0,17.894505381917075,20
1095,18,600.0,37.07490909539834,19
1095,18,900.0,63.26799237708159,18
1095,18,1200.0,79.70751547340402,17
1095,18,1500.0,103.3059582531899,16
1095,18,1800.0,128.966533695226,15
1095,18,2100.0,152.34688034851533,14
1095,18,2400.0,161.41478233238252,13
1098,5,300.0,62.51550288626552,4
1098,5,600.0,43.13213971605609,3
1098,5,900.0,64.70659803640348,2
1098,5,1200.0,10.4482060848005,1
1099,18,300.0,20.988252135047325,14
1099,18,600.0,41.4227671214545,13
1099,18,900.0,60.10690555613049,12
1099,18,1200.0,72.60568167979832,11
1099,18,1500.0,91.43127415527132,10
1099,18,1800.0,112.3034585521462,9
1099,18,2100.0,130.0877132576728,8
1099,18,2400.0,124.37152969228569,7
1104,7,300.0,30.663776582793833,20
1104,7,600.0,64.051479777949,19
1104,7,900.0,97.02814741196767,18
1104,7,1200.0,125.87067265471093,17
1104,7,1500.0,157.06255880573744,16
1104,7,1800.0,183.4681549262549,15
1104,7,2100.0,202.36050119508198,14
1104,7,2400.0,224.43804696586824,13
1107,26,300.0,20.001932518257497,85
1107,26,600.0,40.567818273294286,84
1107,26,900.0,61.34944498408531,83
1107,26,1200.0,81.55373279911844,82
1107,26,1500.0,100.94546077803751,81
1107,26,1800.0,123.88858870104896,80
1107,26,2100.0,149.65869075454106,79
1107,26,2400.0,175.51328150939986,78
1108,7,300.0,11.55526992638626,1
1109,3,300.0,49.68699207164004,12
1109,3,600.0,91.4523123136885,11
1109,3,900.0,142.61405884731388,10
1109,3,1200.0,169.48750404152372,9
1109,3,1500.0,228.19014334489182,8
1109,3,1800.0,271.0573315008239,7
1109,3,2100.0,339.763539016567,6
1109,3,2400.0,448.64248489849376,5
1114,5,300.0,31.41578985263512,6
1114,5,600.0,34.45659091136936,5
1114,5,900.0,20.784108774898485,4
1114,5,1200.0,22.06046647297005,3
1114,5,1500.0,47.07358665385407,2
1114,5,1800.0,73.84790213865183,1
1121,3,300.0,70.7259298827894,1
1124,10,300.0,29.33462332010539,79
1124,10,600.0,59.65095338994177,78
1124,10,900.0,94.49923681025096,77
1124,10,1200.0,132.56287319627125,76
1124,10,1500.0,176.7866918627523,75
1124,10,1800.0,227.4097832412728,74
1124,10,2100.0,273.43595382137886,73
1124,10,2400.0,322.31556531718076,72
1127,26,300.0,16.840691582963338,14
1127,26,600.0,45.19626689194933,13
1127,26,900.0,76.07319774471512,12
1127,26,1200.0,110.7516202238084,11
1127,26,1500.0,151.516010099346,10
1127,26,1800.0,192.2946894884605,9
1127,26,2100.0,228.19613360979469,8
1127,26,2400.0,261.8173050860825,7
1130,5,300.0,50.99946652659708,17
1130,5,600.0,90.11525189280206,16
1130,5,900.0,124.42598063536379,15
1130,5,1200.0,151.78027207017178,14
1130,5,1500.0,162.1708317268509,13
1130,5,1800.0,183.75562696771274,12
1130,5,2100.0,195.7479710899878,11
1130,5,2400.0,251.9491559257745,10
1131,3,300.0,55.146890579189886,15
1131,3,600.0,114.38419324774686,14
1131,3,900.0,152.65042237714118,13
1131,3,1200.0,159.77707477416683,12
1131,3,1500.0,175.8857070094416,11
1131,3,1800.0,201.02068417434742,10
1131,3,2100.0,226.55707779557696,9
1131,3,2400.0,264.7087549128109,8
1132,7,300.0,44.014251024316394,44
1132,7,600.0,90.7745974234911,43
1132,7,900.0,153.69165113339213,42
1132,7,1200.0,217.97165446188143,41
1132,7,1500.0,275.37232650837404,40
1132,7,1800.0,339.72661761857944,39
1132,7,2100.0,402.66212395068095,38
1132,7,2400.0,481.3240113745413,37
1140,7,300.0,36.274741564256736,39
1140,7,600.0,69.987701427,38
1140,7,900.0,95.52870925928713,37
1140,7,1200.0,128.6733598976805,36
1140,7,1500.0,178.27598867583433,35
1140,7,1800.0,229.02656756105242,34
1140,7,2100.0,277.26289691991906,33
1140,7,2400.0,335.3272993208158,32
1143,18,300.0,25.179755230281096,55
1143,18,600.0,47.707876880889614,54
1143,18,900.0,70.16955812824999,53
1143,18,1200.0,97.66555643725744,52
1143,18,1500.0,126.98639652360531,51
1143,18,1800.0,159.48632885959,50
1143,18,2100.0,187.06909742621602,49
1143,18,2400.0,218.26245315647142,48
1144,8,300.0,38.373089834670346,25
1144,8,600.0,80.292656561302,24
1144,8,900.0,122.77913457058108,23
1144,8,1200.0,170.34515368980783,22
1144,8,1500.0,226.9420747771867,21
1144,8,1800.0,274.61850422907753,20
1144,8,2100.0,320.4176144520109,19
1144,8,2400.0,381.971347699928,18
1145,7,300.0,61.6204701200436,3
1145,7,600.0,53.48577629889642,2
1145,7,900.0,0.9554716328771915,1
1148,26,300.0,20.68244480980732,34
1148,26,600.0,36.62250962888726,33
1148,26,900.0,49.824682418798986,32
1148,26,1200.0,62.85497808762462,31
1148,26,1500.0,82.09096866684935,30
1148,26,1800.0,98.16103173668738,29
1148,26,2100.0,112.82393506969372,28
1148,26,2400.0,131.93553876990916,27
1149,12,300.0,26.526156102946775,138
1149,12,600.0,57.484073358174555,137
1149,12,900.0,88.74770462342028,136
1149,12,1200.0,120.57961793471186,135
1149,12,1500.0,147.64647873788275,134
1149,12,1800.0,173.37181108375287,133
1149,12,2100.0,193.11534942070736,132
1149,12,2400.0,207.75033008472948,131
1154,18,300.0,23.53567641863957,59
1154,18,600.0,45.44449687938168,58
1154,18,900.0,64.11418812977843,57
1154,18,1200.0,80.20627462057334,56
1154,18,1500.0,91.9759739155558,55
1154,18,1800.0,104.87050030579296,54
1154,18,2100.0,116.45460279909132,53
1154,18,2400.0,127.91618327446879,52
1155,7,300.0,32.22329689510933,23
1155,7,600.0,65.3291589052796,22
1155,7,900.0,103.51404209442187,21
1155,7,1200.0,146.50103179466498,20
1155,7,1500.0,205.40142196891054,19
1155,7,1800.0,274.25172650535075,18
1155,7,2100.0,361.6345207395144,17
1155,7,2400.0,450.0196644584323,16
1162,16,300.0,23.158339562197906,91
1162,16,600.0,45.61178811035539,90
1162,16,900.0,68.12813764031782,89
1162,16,1200.0,89.79078818354013,88
1162,16,1500.0,112.0096384765552,87
1162,16,1800.0,135.77704276750217,86
1162,16,2100.0,157.64377311151617,85
1162,16,2400.0,186.0285842216987,84
1163,46,300.0,14.292343405772389,82
1163,46,600.0,26.686291347729266,81
1163,46,900.0,37.885327929712176,80
1163,46,1200.0,48.383320536607314,79
1163,46,1500.0,60.97476733701469,78
1163,46,1800.0,74.83371455318044,77
1163,46,2100.0,85.84734576425107,76
1163,46,2400.0,97.7747847566044,75
1164,12,300.0,32.39496366795503,7
1164,12,600.0,45.54323804224952,6
1164,12,900.0,62.161993243955706,5
1164,12,1200.0,127.9919941708715,4
1164,12,1500.0,155.21578486376885,3
1164,12,1800.0,170.4320016278868,2
1164,12,2100.0,211.1113065132455,1
1169,7,300.0,42.96588929576318,4
1169,7,600.0,47.530926487107415,3
1169,7,900.0,49.288908447077645,2
1169,7,1200.0,17.765477122936996,1
1174,18,300.0,27.59671879555671,6
1174,18,600.0,82.98263221722468,5
1174,18,900.0,178.88376630973372,4
1174,18,1200.0,294.86671989860093,3
1174,18,1500.0,347.37998661547607,2
1174,18,1800.0,394.27083393992575,1
1175,7,300.0,5.454816003303882,1
1178,12,300.0,29.434670480660852,123
1178,12,600.0,51.38001171184396,122
1178,12,900.0,73.7032826692958,121
1178,12,1200.0,95.04785999754054,120
1178,12,1500.0,120.25235391825775,119
1178,12,1800.0,142.47580221776843,118
1178,12,2100.0,167.50930419826685,117
1178,12,2400.0,186.96865825473319,116
1179,7,300.0,55.25412002390966,18
1179,7,600.0,83.65305974637836,17
1179,7,900.0,106.21253813948846,16
1179,7,1200.0,132.38532105597318,15
1179,7,1500.0,159.33645290706588,14
1179,7,1800.0,180.6126768878475,13
1179,7,2100.0,216.75725448201123,12
1179,7,2400.0,246.6478728402547,11
1182,12,300.0,34.31579947158731,4
1182,12,600.0,66.90711069278643,3
1182,12,900.0,104.31894092420401,2
1182,12,1200.0,219.32723827487902,1
1190,26,300.0,22.259317003718717,25
1190,26,600.0,44.5092780679521,24
1190,26,900.0,60.9209270581354,23
1190,26,1200.0,73.45071122896593,22
1190,26,1500.0,85.33619345719447,21
1190,26,1800.0,102.14922463940819,20
1190,26,2100.0,129.8460542093569,19
1190,26,2400.0,156.7533512039824,18
1191,7,300.0,34.700017099829886,5
1191,7,600.0,52.3966235391888,4
1191,7,900.0,56.38836076417444,3
1191,7,1200.0,62.656260396489714,2
1191,7,1500.0,170.15754663656426,1
1196,12,300.0,59.76886371054851,6
1196,12,600.0,108.26061564785812,5
1196,12,900.0,142.56436985816828,4
1196,12,1200.0,238.02568701317037,3
1196,12,1500.0,242.33684539875256,2
1196,12,1800.0,195.48083822446202,1
1197,7,300.0,89.73766939603662,1
1202,18,300.0,29.14661460054841,23
1202,18,600.0,61.51476614308804,22
1202,18,900.0,73.28074779249295,21
1202,18,1200.0,92.95246944477086,20
1202,18,1500.0,113.80791228463491,19
1202,18,1800.0,123.75516783412344,18
1202,18,2100.0,140.387075557543,17
1202,18,2400.0,184.6915417444829,16
1203,10,300.0,33.57222418272242,80
1203,10,600.0,72.85630060663466,79
1203,10,900.0,112.44687157469937,78
1203,10,1200.0,147.2994933269207,77
1203,10,1500.0,180.69681358224355,76
1203,10,1800.0,213.33543146448062,75
1203,10,2100.0,243.99389972588654,74
1203,10,2400.0,270.37554536354816,73
1206,12,300.0,27.60966913635284,23
1206,12,600.0,55.20314417589584,22
1206,12,900.0,84.73809383899372,21
1206,12,1200.0,111.41192470569436,20
1206,12,1500.0,132.80744777136542,19
1206,12,1800.0,138.27214282068485,18
1206,12,2100.0,141.99903458953477,17
1206,12,2400.0,150.73841557700342,16
1213,26,300.0,17.985770477673054,23
1213,26,600.0,31.783925964680908,22
1213,26,900.0,46.48592127958742,21
1213,26,1200.0,54.90486607625534,20
1213,26,1500.0,63.72716760102821,19
1213,26,1800.0,72.22819897349748,18
1213,26,2100.0,84.78391032810961,17
1213,26,2400.0,94.72969898377868,16
1214,12,300.0,18.339810835619613,4
1214,12,600.0,50.807532088372575,3
1214,12,900.0,75.71270317019936,2
1214,12,1200.0,96.42559506547256,1
1219,7,300.0,35.054840525853784,34
1219,7,600.0,71.88209149818093,33
1219,7,900.0,110.469517829453,32
1219,7,1200.0,159.72470963486182,31
1219,7,1500.0,207.17679623341448,30
1219,7,1800.0,245.29611769023418,29
1219,7,2100.0,286.4353715997771,28
1219,7,2400.0,335.7795647074686,27
1222,26,300.0,18.050360888775586,56
1222,26,600.0,33.262573883292575,55
1222,26,900.0,46.698437579782464,54
1222,26,1200.0,62.84918386168346,53
1222,26,1500.0,77.30407434188643,52
1222,26,1800.0,91.79375673539042,51
1222,26,2100.0,107.52936663000531,50
1222,26,2400.0,119.90886729811041,49
1225,16,300.0,22.902831238816372,51
1225,16,600.0,43.0162979722219,50
1225,16,900.0,59.08219347644272,49
1225,16,1200.0,70.87269513439722,48
1225,16,1500.0,81.9225176025452,47
1225,16,1800.0,94.07600208656285,46
1225,16,2100.0,106.35761064646698,45
1225,16,2400.0,122.78293398223836,44
1226,7,300.0,46.596621317381356,10
1226,7,600.0,102.15833869168472,9
1226,7,900.0,150.10703508048408,8
1226,7,1200.0,180.07576295185345,7
1226,7,1500.0,227.79105853245335,6
1226,7,1800.0,298.51511006988557,5
1226,7,2100.0,349.43691875542504,4
1226,7,2400.0,441.57374986041367,3
1231,46,300.0,11.889340064178693,60
1231,46,600.0,25.13788128730392,59
1231,46,900.0,37.81628792595905,58
1231,46,1200.0,49.72398425764395,57
1231,46,1500.0,62.369753780718206,56
1231,46,1800.0,73.44289123461512,55
1231,46,2100.0,86.78148401549106,54
1231,46,2400.0,100.19847982643594,53
1234,16,300.0,18.798373682207565,23
1234,16,600.0,40.46687377076383,22
1234,16,900.0,65.23658156003638,21
1234,16,1200.0,87.83714053793545,20
1234,16,1500.0,110.78249525346007,19
1234,16,1800.0,121.65965277570851,18
1234,16,2100.0,123.89976080158291,17
1234,16,2400.0,115.79622297165679,16
1237,12,300.0,29.237224896822404,66
1237,12,600.0,59.99515452444632,65
1237,12,900.0,91.17513121292083,64
1237,12,1200.0,120.61843881057271,63
1237,12,1500.0,158.03964869488385,62
1237,12,1800.0,191.09987755546035,61
1237,12,2100.0,225.16580121687124,60
1237,12,2400.0,269.41012770347464,59
1238,26,300.0,15.182575254769866,32
1238,26,600.0,33.628852506061904,31
1238,26,900.0,51.74633141572308,30
1238,26,1200.0,65.68663392953484,29
1238,26,1500.0,75.65518240356391,28
1238,26,1800.0,83.19702958223516,27
1238,26,2100.0,89.46896192154107,26
1238,26,2400.0,94.68124833096692,25
1239,18,300.0,19.989470873440574,52
1239,18,600.0,34.36329632095067,51
1239,18,900.0,48.13871874804672,50
1239,18,1200.0,56.84197259129315,49
1239,18,1500.0,67.65959863120942,48
1239,18,1800.0,82.25821659443571,47
1239,18,2100.0,90.68141294779934,46
1239,18,2400.0,108.85908541787342,45
1240,46,300.0,10.593684629909966,20
1240,46,600.0,20.30103222640844,19
1240,46,900.0,28.29965416031625,18
1240,46,1200.0,35.915685000799115,17
1240,46,1500.0,45.52858555585119,16
1240,46,1800.0,58.402554826391466,15
1240,46,2100.0,67.13288536628987,14
1240,46,2400.0,73.9294819584523,13
1249,26,300.0,17.153463105256908,54
1249,26,600.0,31.362032543904142,53
1249,26,900.0,39.52249449365965,52
1249,26,1200.0,47.62977275126214,51
1249,26,1500.0,59.875565973622436,50
1249,26,1800.0,70.01954568042443,49
1249,26,2100.0,76.0158090855594,48
1249,26,2400.0,77.20675472762179,47
1252,7,300.0,36.35544323948576,77
1252,7,600.0,76.04526667489526,76
1252,7,900.0,123.52110205835757,75
1252,7,1200.0,172.8230195443802,74
1252,7,1500.0,231.63399507192867,73
1252,7,1800.0,299.97363404553806,72
1252,7,2100.0,362.3550477698168,71
1252,7,2400.0,427.22707812848256,70
1255,7,300.0,33.065150627487256,43
1255,7,600.0,72.75296437123697,42
1255,7,900.0,111.28448664201468,41
1255,7,1200.0,149.61572722831073,40
1255,7,1500.0,203.51060685030689,39
1255,7,1800.0,262.14868709221776,38
1255,7,2100.0,321.35616571744595,37
1255,7,2400.0,371.89251974338003,36
1256,26,300.0,25.803953668582402,4
1256,26,600.0,79.71173341208458,3
1256,26,900.0,170.53486647147614,2
1256,26,1200.0,258.25074681590826,1
1257,7,300.0,63.381979230936054,2
1257,7,600.0,157.32312703942168,1
1264,10,300.0,31.081872108007584,69
1264,10,600.0,56.02292955358293,68
1264,10,900.0,76.37664499950664,67
1264,10,1200.0,108.08093906688013,66
1264,10,1500.0,134.51579047329685,65
1264,10,1800.0,155.3121057475667,64
1264,10,2100.0,179.74554374251946,63
1264,10,2400.0,196.1044472837404,62
1267,7,300.0,17.651727369986705,3
1267,7,600.0,27.39366205496445,2
1267,7,900.0,54.395863477712616,1
1270,26,300.0,25.40561910704285,5
1270,26,600.0,52.968577212806224,4
1270,26,900.0,51.629650094535926,3
1270,26,1200.0,24.63342781153566,2
1270,26,1500.0,7.663995894150272,1
1273,26,300.0,12.370727115127861,16
1273,26,600.0,22.02679841483066,15
1273,26,900.0,27.470709578362058,14
1273,26,1200.0,28.98021190789676,13
1273,26,1500.0,36.083854757813555,12
1273,26,1800.0,42.57073150870689,11
1273,26,2100.0,40.52802197697373,10
1273,26,2400.0,39.569280680492426,9
1274,7,300.0,38.50577422576973,19
1274,7,600.0,94.20074291611824,18
1274,7,900.0,150.83206235981353,17
1274,7,1200.0,207.38983070452136,16
1274,7,1500.0,251.65202026592917,15
1274,7,1800.0,275.553548243626,14
1274,7,2100.0,285.23208270601197,13
1274,7,2400.0,316.02240525836197,12
1277,12,300.0,25.78203529721909,87
1277,12,600.0,49.680673199986245,86
1277,12,900.0,75.84268383782658,85
1277,12,1200.0,103.72048175902695,84
1277,12,1500.0,129.91781446734132,83
1277,12,1800.0,162.34076053709344,82
1277,12,2100.0,199.83640869655247,81
1277,12,2400.0,240.25121216054794,80
1278,46,300.0,14.773453116095443,40
1278,46,600.0,26.53560996821041,39
1278,46,900.0,39.31974946348554,38
1278,46,1200.0,51.274295753637645,37
1278,46,1500.0,60.570131803391796,36
1278,46,1800.0,75.90798031277997,35
1278,46,2100.0,90.87993244990645,34
1278,46,2400.0,104.73086954165592,33
1279,10,300.0,26.511192484856682,23
1279,10,600.0,63.2817955061415,22
1279,10,900.0,97.17472949414302,21
1279,10,1200.0,128.01445460003748,20
1279,10,1500.0,137.56863622939025,19
1279,10,1800.0,147.42012530820682,18
1279,10,2100.0,163.46751294481933,17
1279,10,2400.0,180.81596604740926,16
1291,7,300.0,37.89983219562851,29
1291,7,600.0,88.04138208312557,28
1291,7,900.0,142.14330611443376,27
1291,7,1200.0,191.4628688315822,26
1291,7,1500.0,247.76435418519432,25
1291,7,1800.0,311.15254206652486,24
1291,7,2100.0,364.62985641124,23
1291,7,2400.0,416.0188723841573,22
1294,12,300.0,28.718949160632885,47
1294,12,600.0,53.91243757457083,46
1294,12,900.0,76.198530343816,45
1294,12,1200.0,100.9895946061493,44
1294,12,1500.0,128.38415241914288,43
1294,12,1800.0,157.96514475582853,42
1294,12,2100.0,187.01085408326819,41
1294,12,2400.0,207.83457492673097,40
1295,26,300.0,20.583232055925208,47
1295,26,600.0,42.598691936634815,46
1295,26,900.0,67.28594634506821,45
1295,26,1200.0,90.65014642522826,44
1295,26,1500.0,110.36438341619845,43
1295,26,1800.0,131.05643934306056,42
1295,26,2100.0,150.94162951868054,41
1295,26,2400.0,172.97568485407265,40
1300,7,300.0,40.508260421038216,4
1300,7,600.0,63.27952753485039,3
1300,7,900.0,83.43179394444212,2
1300,7,1200.0,81.66137951435151,1
1301,26,300.0,5.121450623049648,1
1306,16,300.0,20.478571239839805,62
1306,16,600.0,42.802564630082976,61
1306,16,900.0,60.70142018398065,60
1306,16,1200.0,79.71924433949422,59
1306,16,1500.0,98.83331697633827,58
1306,16,1800.0,120.5478735489673,57
1306,16,2100.0,141.1407482448291,56
1306,16,2400.0,153.50584991157666,55
1307,26,300.0,25.837642023002875,6
1307,26,600.0,53.76433095042224,5
1307,26,900.0,62.2774792097498,4
1307,26,1200.0,81.49550260889941,3
1307,26,1500.0,100.33339952954026,2
1307,26,1800.0,158.18655517378147,1
1312,46,300.0,12.46432225753611,19
1312,46,600.0,30.324388402884868,18
1312,46,900.0,49.11955881459421,17
1312,46,1200.0,61.95974255128073,16
1312,46,1500.0,75.1858718872991,15
1312,46,1800.0,95.39471370737195,14
1312,46,2100.0,123.01031188630935,13
1312,46,2400.0,147.79175640571881,12
1315,7,300.0,45.47083060840985,14
1315,7,600.0,83.03057890333159,13
1315,7,900.0,132.69949191369872,12
1315,7,1200.0,180.37535065362852,11
1315,7,1500.0,254.10431729789715,10
1315,7,1800.0,322.4627093808443,9
1315,7,2100.0,403.2515438907298,8
1315,7,2400.0,456.4376874669724,7
1318,16,300.0,26.745572079891627,10
1318,16,600.0,39.07406624997452,9
1318,16,900.0,60.17913255440835,8
1318,16,1200.0,92.73699794975839,7
1318,16,1500.0,99.86886015132932,6
1318,16,1800.0,145.61312932568265,5
1318,16,2100.0,195.08358056285428,4
1318,16,2400.0,187.61767183315567,3
1321,18,300.0,23.494900319052633,71
1321,18,600.0,48.161489543188495,70
1321,18,900.0,75.49105277761198,69
1321,18,1200.0,103.59346603330945,68
1321,18,1500.0,129.3783601296878,67
1321,18,1800.0,158.75840342517753,66
1321,18,2100.0,191.5185056039834,65
1321,18,2400.0,225.55932892497424,64
1322,16,300.0,26.75552545847606,2
1322,16,600.0,40.192090238460516,1
1327,16,300.0,19.524976089328945,6
1327,16,600.0,47.09625832901709,5
1327,16,900.0,75.07820325544274,4
1327,16,1200.0,131.0818974697148,3
1327,16,1500.0,165.0974019059978,2
1327,16,1800.0,191.79033810086844,1
1328,7,300.0,39.762729327491634,38
1328,7,600.0,71.23293391642966,37
1328,7,900.0,105.28428725877015,36
1328,7,1200.0,135.6944477118573,35
1328,7,1500.0,164.94494035411384,34
1328,7,1800.0,206.63242515890815,33
1328,7,2100.0,241.76220556039902,32
1328,7,2400.0,292.43631081112454,31
1333,26,300.0,16.955994067763026,48
1333,26,600.0,34.368616694554035,47
1333,26,900.0,47.23825254513951,46
1333,26,1200.0,61.23441889212025,45
1333,26,1500.0,72.01612048565323,44
1333,26,1800.0,84.39872299687141,43
1333,26,2100.0,96.89247051929807,42
1333,26,2400.0,107.75313610495189,41
1334,26,300.0,18.52893369000939,29
1334,26,600.0,37.70116202728241,28
1334,26,900.0,63.03953338425162,27
1334,26,1200.0,93.03000848267135,26
1334,26,1500.0,120.367608635131,25
1334,26,1800.0,143.06701018305014,24
1334,26,2100.0,165.2557171200949,23
1334,26,2400.0,191.49082283612563,22
1344,16,300.0,33.97261023774396,12
1344,16,600.0,81.70834152672869,11
1344,16,900.0,131.8233892017352,10
1344,16,1200.0,165.33169371553356,9
1344,16,1500.0,216.7243088052781,8
1344,16,1800.0,264.08907474224054,7
1344,16,2100.0,311.91237466666433,6
1344,16,2400.0,314.12386928473853,5
1347,18,300.0,18.959360044344493,32
1347,18,600.0,37.309267679074054,31
1347,18,900.0,49.238776101506566,30
1347,18,1200.0,60.97763861853453,29
1347,18,1500.0,75.70160761871925,28
1347,18,1800.0,84.15367785044333,27
1347,18,2100.0,93.72699606147742,26
1347,18,2400.0,101.83303397635538,25
1350,12,300.0,25.822872707200723,64
1350,12,600.0,45.92658006969869,63
1350,12,900.0,68.27883535751316,62
1350,12,1200.0,94.92950453186802,61
1350,12,1500.0,130.15872394423278,60
1350,12,1800.0,162.35307188853923,59
1350,12,2100.0,202.67559845610478,58
1350,12,2400.0,237.50586196052265,57
1353,46,300.0,15.219545495263601,52
1353,46,600.0,32.87031157069989,51
1353,46,900.0,51.021186974218615,50
1353,46,1200.0,70.0774140863567,49
1353,46,1500.0,86.2570804876218,48
1353,46,1800.0,100.39572261544359,47
1353,46,2100.0,116.21771146711525,46
1353,46,2400.0,129.50385986286923,45
1356,26,300.0,18.106978709011315,25
1356,26,600.0,32.19970378786521,24
1356,26,900.0,49.44639709981005,23
1356,26,1200.0,69.27964990149854,22
1356,26,1500.0,92.18235856909514,21
1356,26,1800.0,121.72915653786231,20
1356,26,2100.0,157.44463540570382,19
1356,26,2400.0,203.8387794970038,18
1359,10,300.0,28.871347391051337,77
1359,10,600.0,56.80874180355081,76
1359,10,900.0,86.37135432109592,75
1359,10,1200.0,120.3575111706791,74
1359,10,1500.0,153.66023663814153,73
1359,10,1800.0,186.2645580257167,72
1359,10,2100.0,221.578012143014,71
1359,10,2400.0,256.4030231608843,70
1362,46,300.0,12.67221179216881,7
1362,46,600.0,37.36883298915468,6
1362,46,900.0,64.83253791043204,5
1362,46,1200.0,76.34540176890576,4
1362,46,1500.0,87.8580226960405,3
1362,46,1800.0,121.90994772512157,2
1362,46,2100.0,114.8342709085034,1
1365,7,300.0,37.26871697417966,66
1365,7,600.0,68.91208273337402,65
1365,7,900.0,100.96741158273628,64
1365,7,1200.0,127.71241630352957,63
1365,7,1500.0,152.8910222533237,62
1365,7,1800.0,188.97517514806876,61
1365,7,2100.0,223.46015437049041,60
1365,7,2400.0,269.242952003337,59
1368,7,300.0,45.409972615234885,7
1368,7,600.0,97.50695074838933,6
1368,7,900.0,166.50227250156743,5
1368,7,1200.0,189.33004229200546,4
1368,7,1500.0,200.58467154446114,3
1368,7,1800.0,167.96703533835012,2
1368,7,2100.0,128.81807389543087,1
1369,7,300.0,34.73282048935967,60
1369,7,600.0,71.1494161834517,59
1369,7,900.0,100.27535820879123,58
1369,7,1200.0,127.10193143487155,57
1369,7,1500.0,156.53037991533333,56
1369,7,1800.0,188.61987672968516,55
1369,7,2100.0,211.68625327463272,54
1369,7,2400.0,232.97375565528756,53
1372,26,300.0,14.605610771424464,25
1372,26,600.0,25.375854287396834,24
1372,26,900.0,36.83803150169486,23
1372,26,1200.0,48.57145153656413,22
1372,26,1500.0,63.88591858257707,21
1372,26,1800.0,86.83219496214642,20
1372,26,2100.0,103.8149370126678,19
1372,26,2400.0,121.89920864897557,18
1377,26,300.0,17.91761783656072,63
1377,26,600.0,36.72609086775701,62
1377,26,900.0,52.491339769378804,61
1377,26,1200.0,66.01738205202822,60
1377,26,1500.0,82.04490456833577,59
1377,26,1800.0,94.27556873957813,58
1377,26,2100.0,107.82430405425984,57
1377,26,2400.0,123.92403338942947,56
1380,26,300.0,23.825159983020004,13
1380,26,600.0,47.91724848573951,12
1380,26,900.0,56.485631178137766,11
1380,26,1200.0,60.08663071068488,10
1380,26,1500.0,67.05094018538018,9
1380,26,1800.0,59.19122455558523,8
1380,26,2100.0,52.995297395024394,7
1380,26,2400.0,60.08701560177119,6
1383,10,300.0,30.944253391984148,43
1383,10,600.0,62.01260205085647,42
1383,10,900.0,93.45425979328746,41
1383,10,1200.0,118.72461140154823,40
1383,10,1500.0,149.4556993401621,39
1383,10,1800.0,178.86240328818292,38
1383,10,2100.0,204.8733642221588,37
1383,10,2400.0,230.11840087531903,36
1386,46,300.0,12.158820630813652,41
1386,46,600.0,27.065599970292716,40
1386,46,900.0,41.00686114102318,39
1386,46,1200.0,58.319274725215216,38
1386,46,1500.0,79.7274523183233,37
1386,46,1800.0,104.6548328819039,36
1386,46,2100.0,133.75181335101138,35
1386,46,2400.0,166.16521270843248,34
1389,46,300.0,17.321890425747487,3
1389,46,600.0,51.93762730760244,2
1389,46,900.0,130.78066019137486,1
1392,16,300.0,24.396277483249385,79
1392,16,600.0,53.22028774169959,78
1392,16,900.0,84.78120254804595,77
1392,16,1200.0,112.5055109822798,76
1392,16,1500.0,136.86472028201257,75
1392,16,1800.0,154.871829845219,74
1392,16,2100.0,171.71594272048574,73
1392,16,2400.0,188.69756905967066,72
1395,7,300.0,27.181937378097743,33
1395,7,600.0,55.87883692212892,32
1395,7,900.0,76.97174229865266,31
1395,7,1200.0,96.29359257323941,30
1395,7,1500.0,118.36918598011366,29
1395,7,1800.0,139.96926450649576,28
1395,7,2100.0,165.17309843667616,27
1395,7,2400.0,201.1506584799234,26
1398,10,300.0,23.116367627607715,18
1398,10,600.0,43.372516915033444,17
1398,10,900.0,59.36546465693847,16
1398,10,1200.0,87.43118464887986,15
1398,10,1500.0,109.3768805617756,14
1398,10,1800.0,143.91449171164658,13
1398,10,2100.0,181.735229537647,12
1398,10,2400.0,199.24428144483082,11
1399,12,300.0,33.02284768568409,143
1399,12,600.0,62.456257244057234,142
1399,12,900.0,94.13579024744331,141
1399,12,1200.0,124.89477261389285,140
1399,12,1500.0,158.9306227123848,139
1399,12,1800.0,195.4597245888058,138
1399,12,2100.0,226.97909048029447,137
1399,12,2400.0,253.9757261781004,136
1400,7,300.0,38.4942059249683,40
1400,7,600.0,76.07414647179652,39
1400,7,900.0,107.24409203154134,38
1400,7,1200.0,143.6234257464697,37
1400,7,1500.0,184.87450324973003,36
1400,7,1800.0,221.84008720204906,35
1400,7,2100.0,255.27775926150917,34
1400,7,2400.0,292.79006771117633,33
1407,7,300.0,38.78225728844991,11
1407,7,600.0,47.28484692074829,10
1407,7,900.0,65.7002539805582,9
1407,7,1200.0,101.65534545186308,8
1407,7,1500.0,127.68496762577752,7
1407,7,1800.0,172.77826683393346,6
1407,7,2100.0,203.03419662607703,5
1407,7,2400.0,245.9781128281475,4
1408,12,300.0,26.47492165263712,3
1408,12,600.0,43.207597595243094,2
1408,12,900.0,41.46061708697025,1
1409,7,300.0,33.859227660856654,4
1409,7,600.0,95.12558948576115,3
1409,7,900.0,187.8894988392946,2
1409,7,1200.0,240.43944809521778,1
1416,12,300.0,58.47628715265458,1
1419,12,300.0,24.767106203158026,3
1419,12,600.0,37.20480023015642,2
1419,12,900.0,92.38823457778793,1
1422,12,300.0,21.332310017728933,4
1422,12,600.0,20.060452173024096,3
1422,12,900.0,40.55878416780622,2
1422,12,1200.0,55.665758410048554,1
1425,46,300.0,15.319500730333417,32
1425,46,600.0,28.718058531263775,31
1425,46,900.0,38.398060336717904,30
1425,46,1200.0,52.32682857576212,29
1425,46,1500.0,64.81779674634213,28
1425,46,1800.0,76.12779318481591,27
1425,46,2100.0,93.48504349168878,26
1425,46,2400.0,113.05463837113359,25
1430,46,300.0,5.99268068084227,4
1430,46,600.0,7.927513790894202,3
1430,46,900.0,14.92558446328832,2
1430,46,1200.0,15.57120601724573,1
1433,7,300.0,44.53194871399127,25
1433,7,600.0,98.01597477564717,24
1433,7,900.0,149.7247477766566,23
1433,7,1200.0,206.21802374721076,22
1433,7,1500.0,264.2411316145693,21
1433,7,1800.0,329.722798913075,20
1433,7,2100.0,402.63884873628234,19
1433,7,2400.0,442.1292480670376,18
1436,26,300.0,18.11392899450677,66
1436,26,600.0,38.43490608228105,65
1436,26,900.0,60.26341166739094,64
1436,26,1200.0,83.5271489451754,63
1436,26,1500.0,103.57255678964918,62
1436,26,1800.0,127.19510946482701,61
1436,26,2100.0,155.9101208921459,60
1436,26,2400.0,183.32792336891973,59
1439,46,300.0,16.24005051898604,10
1439,46,600.0,43.94713031685653,9
1439,46,900.0,82.43971935455491,8
1439,46,1200.0,128.25021613718616,7
1439,46,1500.0,184.03611823503525,6
1439,46,1800.0,249.2805055044737,5
1439,46,2100.0,323.8176107020848,4
1439,46,2400.0,387.4750531490154,3
1442,10,300.0,32.98286726337413,44
1442,10,600.0,69.00751351519929,43
1442,10,900.0,101.65975941729333,42
1442,10,1200.0,135.05798992051288,41
1442,10,1500.0,166.1485191743578,40
1442,10,1800.0,185.82355385497814,39
1442,10,2100.0,210.66468334972348,38
1442,10,2400.0,230.3919428474791,37
1445,26,300.0,19.453866609944917,74
1445,26,600.0,38.40956551568508,73
1445,26,900.0,59.51401420726287,72
1445,26,1200.0,78.79258087765687,71
1445,26,1500.0,94.65837610822716,70
1445,26,1800.0,109.01100088344515,69
1445,26,2100.0,118.95379312215597,68
1445,26,2400.0,131.46492585353175,67
1448,26,300.0,19.860848014634524,5
1448,26,600.0,37.456887034880594,4
1448,26,900.0,93.68697796396572,3
1448,26,1200.0,120.68527838732305,2
1448,26,1500.0,160.85363076228262,1
1451,16,300.0,23.144590154390347,68
1451,16,600.0,44.314169102507634,67
1451,16,900.0,58.13746136944613,66
1451,16,1200.0,75.73853333812184,65
1451,16,1500.0,97.92528426595985,64
1451,16,1800.0,115.69747488023162,63
1451,16,2100.0,130.16673129524347,62
1451,16,2400.0,151.10907703785134,61
1454,26,300.0,17.21465236457478,27
1454,26,600.0,34.416892933069136,26
1454,26,900.0,48.14528487278111,25
1454,26,1200.0,62.259533873842166,24
1454,26,1500.0,79.62993477055275,23
1454,26,1800.0,98.00351028925607,22
1454,26,2100.0,114.15023173380999,21
1454,26,2400.0,142.3452766988421,20
1457,7,300.0,31.96025099411857,60
1457,7,600.0,72.90711021047252,59
1457,7,900.0,107.29125481599415,58
1457,7,1200.0,142.8232149827394,57
1457,7,1500.0,182.3097666878776,56
1457,7,1800.0,224.45681902568805,55
1457,7,2100.0,269.1519481319552,54
1457,7,2400.0,312.85280782231956,53
1458,26,300.0,29.172777142557557,1
1463,7,300.0,45.273136258545996,40
1463,7,600.0,81.24604722845211,39
1463,7,900.0,103.94454607686504,38
1463,7,1200.0,127.12030088820282,37
1463,7,1500.0,153.1457056274845,36
1463,7,1800.0,173.30231545393102,35
1463,7,2100.0,206.14925640566943,34
1463,7,2400.0,238.33440403771414,33
1466,16,300.0,18.038484082455003,14
1466,16,600.0,32.08373503279819,13
1466,16,900.0,43.17219582748189,12
1466,16,1200.0,62.90486094031007,11
1466,16,1500.0,84.1333718425003,10
1466,16,1800.0,88.03240519191557,9
1466,16,2100.0,84.01431300527216,8
1466,16,2400.0,87.44584839804874,7
1470,10,300.0,30.27651792294955,32
1470,10,600.0,72.4973844925712,31
1470,10,900.0,119.30063423445141,30
1470,10,1200.0,165.38502646043017,29
1470,10,1500.0,212.82670226448886,28
1470,10,1800.0,254.48066007733402,27
1470,10,2100.0,290.6043367043157,26
1470,10,2400.0,319.4351313836839,25
1475,18,300.0,22.285389900137243,159
1475,18,600.0,45.26910942978753,158
1475,18,900.0,68.10905243441721,157
1475,18,1200.0,92.22206465449183,156
1475,18,1500.0,115.83148372296532,155
1475,18,1800.0,139.68894340322387,154
1475,18,2100.0,168.42285942463678,153
1475,18,2400.0,198.16675116607055,152
1478,10,300.0,17.062416843280374,5
1478,10,600.0,30.39565386035855,4
1478,10,900.0,24.791979739924454,3
1478,10,1200.0,35.18901675575215,2
1478,10,1500.0,57.82807491869106,1
1479,7,300.0,35.20145333593537,11
1479,7,600.0,51.77674821928381,10
1479,7,900.0,78.09017921156831,9
1479,7,1200.0,84.07446666581333,8
1479,7,1500.0,97.5509880679944,7
1479,7,1800.0,103.05694020179574,6
1479,7,2100.0,158.88349283709084,5
1479,7,2400.0,210.95589637115052,4
1484,16,300.0,15.575406538475525,9
1484,16,600.0,28.486871260454905,8
1484,16,900.0,48.04028351296906,7
1484,16,1200.0,72.15129452979077,6
1484,16,1500.0,108.31124146368862,5
1484,16,1800.0,143.80494189494001,4
1484,16,2100.0,173.4880168680327,3
1484,16,2400.0,182.37432350321905,2
1487,26,300.0,23.778012306714725,20
1487,26,600.0,60.98582804452392,19
1487,26,900.0,104.27730265358112,18
1487,26,1200.0,148.61456684097146,17
1487,26,1500.0,192.38537860895354,16
1487,26,1800.0,222.28341223453947,15
1487,26,2100.0,240.14598230220327,14
1487,26,2400.0,254.76751439055528,13
1490,7,300.0,28.41184670922592,4
1490,7,600.0,26.532546021214674,3
1490,7,900.0,43.849502041698344,2
1490,7,1200.0,22.855128702314932,1
1493,12,300.0,29.697326440363632,76
1493,12,600.0,46.637768124501854,75
1493,12,900.0,62.43164537932267,74
1493,12,1200.0,75.904328974471,73
1493,12,1500.0,85.07198474488362,72
1493,12,1800.0,95.20378065073625,71
1493,12,2100.0,100.67661893926967,70
1493,12,2400.0,113.16426495375872,69
1496,46,300.0,13.843919783466202,58
1496,46,600.0,25.266767831818036,57
1496,46,900.0,36.642504744358625,56
1496,46,1200.0,48.582625400270615,55
1496,46,1500.0,59.43841645206895,54
1496,46,1800.0,72.7441450522346,53
1496,46,2100.0,85.6231552050475,52
1496,46,2400.0,99.52724206063274,51
1497,26,300.0,15.15497496485539,41
1497,26,600.0,30.37030057224863,40
1497,26,900.0,41.33947952740096,39
1497,26,1200.0,53.09370325370504,38
1497,26,1500.0,65.09577931985628,37
1497,26,1800.0,77.94095007603869,36
1497,26,2100.0,91.65116073139583,35
1497,26,2400.0,106.92481871825993,34
1500,72,300.0,8.335889517429422,1
1503,7,300.0,25.574616025057882,35
1503,7,600.0,48.52845311316502,34
1503,7,900.0,84.00346545966326,33
1503,7,1200.0,113.92143606196703,32
1503,7,1500.0,144.03380626183014,31
1503,7,1800.0,162.28902731037303,30
1503,7,2100.0,184.78112130850394,29
1503,7,2400.0,202.02886432444186,28
1506,16,300.0,25.288396930434047,20
1506,16,600.0,38.02905068575506,19
1506,16,900.0,61.29978166255215,18
1506,16,1200.0,79.67389789397009,17
1506,16,1500.0,105.9817342729986,16
1506,16,1800.0,126.20147701949489,15
1506,16,2100.0,160.22408214962303,14
1506,16,2400.0,183.28871562356466,13
1509,12,300.0,30.066092097484603,14
1509,12,600.0,58.761499867062135,13
1509,12,900.0,77.83862974201712,12
1509,12,1200.0,86.49108944118365,11
1509,12,1500.0,104.56807434676094,10
1509,12,1800.0,115.22589750654402,9
1509,12,2100.0,137.3425539273135,8
1509,12,2400.0,149.79279637533682,7
1512,12,300.0,26.051657473795803,196
1512,12,600.0,54.40825014778694,195
1512,12,900.0,83.18090270554744,194
1512,12,1200.0,109.60710382220404,193
1512,12,1500.0,134.83003668827513,192
1512,12,1800.0,159.35483470982822,191
1512,12,2100.0,185.96039848336142,190
1512,12,2400.0,213.31146660609363,189
1515,12,300.0,36.26189361168052,17
1515,12,600.0,70.58165355904407,16
1515,12,900.0,91.80794821706374,15
1515,12,1200.0,106.36666008400171,14
1515,12,1500.0,119.88731409733965,13
1515,12,1800.0,150.7335151738942,12
1515,12,2100.0,157.75759835562138,11
1515,12,2400.0,185.53191004169125,10
1516,12,300.0,23.086374695163908,6
1516,12,600.0,52.44883453096437,5
1516,12,900.0,95.41924733048799,4
1516,12,1200.0,144.35569549417588,3
1516,12,1500.0,208.92496355713553,2
1516,12,1800.0,246.66563357108876,1
1521,16,300.0,15.50314832115974,26
1521,16,600.0,37.11738259717758,25
1521,16,900.0,58.30569858496182,24
1521,16,1200.0,77.83559889841057,23
1521,16,1500.0,86.97130663272554,22
1521,16,1800.0,86.88578558105519,21
1521,16,2100.0,84.84750034243959,20
1521,16,2400.0,81.50317047035723,19
1522,7,300.0,41.59619958314699,45
1522,7,600.0,81.56090065329023,44
1522,7,900.0,107.44221008480413,43
1522,7,1200.0,143.63410685851187,42
1522,7,1500.0,178.6018130006129,41
1522,7,1800.0,228.086363942258,40
1522,7,2100.0,267.3831762261973,39
1522,7,2400.0,291.36221484680334,38
1523,72,300.0,8.744222562316281,35
1523,72,600.0,14.39020064732037,34
1523,72,900.0,17.586078750820302,33
1523,72,1200.0,22.63077733331435,32
1523,72,1500.0,27.02374066782277,31
1523,72,1800.0,30.595804781912996,30
1523,72,2100.0,34.56746377509601,29
1523,72,2400.0,40.327089035648434,28
1530,12,300.0,19.060741907120256,8
1530,12,600.0,40.34390345593625,7
1530,12,900.0,42.7963582404176,6
1530,12,1200.0,55.844032295036655,5
1530,12,1500.0,88.98158095541744,4
1530,12,1800.0,114.58358986675377,3
1530,12,2100.0,152.88194817138458,2
1530,12,2400.0,283.6609124820045,1
1533,72,300.0,6.5432655173064305,2
1533,72,600.0,7.075673049427733,1
1536,16,300.0,21.411535439869404,7
1536,16,600.0,42.03938107083692,6
1536,16,900.0,66.12771823447466,5
1536,16,1200.0,68.81092034278402,4
1536,16,1500.0,81.93851402517514,3
1536,16,1800.0,99.14664960037803,2
1536,16,2100.0,113.49564598110159,1
1537,7,300.0,24.735864225548465,7
1537,7,600.0,50.26431760279839,6
1537,7,900.0,87.78889178120592,5
1537,7,1200.0,108.4359099444357,4
1537,7,1500.0,115.93089631408775,3
1537,7,1800.0,133.5847797684651,2
1537,7,2100.0,107.69867976843011,1
1540,10,300.0,29.56631257778537,62
1540,10,600.0,53.90788089416951,61
1540,10,900.0,82.27209630294116,60
1540,10,1200.0,110.2693443204795,59
1540,10,1500.0,141.12244024562236,58
1540,10,1800.0,169.16678694982662,57
1540,10,2100.0,198.70208089369984,56
1540,10,2400.0,225.7460628989493,55
1545,12,300.0,35.60481164391388,8
1545,12,600.0,91.91648849067998,7
1545,12,900.0,126.71016378750896,6
1545,12,1200.0,124.56492015973922,5
1545,12,1500.0,151.06896630690127,4
1545,12,1800.0,206.58584598436937,3
1545,12,2100.0,241.54915587772996,2
1545,12,2400.0,283.88834898926757,1
1546,18,300.0,20.565944076563802,70
1546,18,600.0,40.156184090888196,69
1546,18,900.0,63.86268858366076,68
1546,18,1200.0,87.33523769692917,67
1546,18,1500.0,112.65514546019892,66
1546,18,1800.0,132.92462640239697,65
1546,18,2100.0,153.33179172460572,64
1546,18,2400.0,176.4336838900909,63
1547,72,300.0,10.139715729947142,7
1547,72,600.0,21.320657396302625,6
1547,72,900.0,23.044940268202375,5
1547,72,1200.0,33.71748157867698,4
1547,72,1500.0,55.37082144883777,3
1547,72,1800.0,74.28414005677374,2
1547,72,2100.0,63.18120754771991,1
1554,7,300.0,37.78492970781668,49
1554,7,600.0,69.36908047409956,48
1554,7,900.0,105.26613609661767,47
1554,7,1200.0,134.23323914560268,46
1554,7,1500.0,165.6353660152905,45
1554,7,1800.0,207.48017340290187,44
1554,7,2100.0,252.0375931871752,43
1554,7,2400.0,291.9538192721519,42
1557,10,300.0,29.498313448815193,17
1557,10,600.0,67.26116009166915,16
1557,10,900.0,100.40648623913297,15
1557,10,1200.0,140.4625433257599,14
1557,10,1500.0,158.49773524160662,13
1557,10,1800.0,163.5565571728367,12
1557,10,2100.0,165.43996671742377,11
1557,10,2400.0,167.46101529590587,10
1560,16,300.0,28.643304103598556,22
1560,16,600.0,51.6606535143953,21
1560,16,900.0,77.39488085140593,20
1560,16,1200.0,94.86744088969715,19
1560,16,1500.0,126.53735013981084,18
1560,16,1800.0,156.9007265083062,17
1560,16,2100.0,181.18615910786426,16
1560,16,2400.0,219.00281933551014,15
1561,18,300.0,25.181509603586953,17
1561,18,600.0,58.706624961649304,16
1561,18,900.0,103.02402269157061,15
1561,18,1200.0,150.98771775196602,14
1561,18,1500.0,179.2842507816036,13
1561,18,1800.0,192.377225627547,12
1561,18,2100.0,209.82377124356918,11
1561,18,2400.0,231.4731437803448,10
1566,72,300.0,13.354845961456316,25
1566,72,600.0,26.156723095670042,24
1566,72,900.0,36.776830229546825,23
1566,72,1200.0,51.770611791070635,22
1566,72,1500.0,70.6648312160016,21
1566,72,1800.0,96.20275591764728,20
1566,72,2100.0,124.03073672646293,19
1566,72,2400.0,151.42274883327022,18
1569,72,300.0,14.681333703642887,2
1569,72,600.0,45.22662187334542,1
1572,18,300.0,20.950117201499147,17
1572,18,600.0,46.73128443250232,16
1572,18,900.0,82.10350674967691,15
1572,18,1200.0,113.43618204133442,14
1572,18,1500.0,134.2493411403629,13
1572,18,1800.0,144.73927324654537,12
1572,18,2100.0,138.70177400406772,11
1572,18,2400.0,133.91328429601873,10
1573,7,300.0,31.585340430960187,34
1573,7,600.0,72.06922934846519,33
1573,7,900.0,106.8668149204384,32
1573,7,1200.0,137.66984675928367,31
1573,7,1500.0,171.33696745613864,30
1573,7,1800.0,211.7864919913635,29
1573,7,2100.0,259.54948475876125,28
1573,7,2400.0,296.8083554734346,27
1576,72,300.0,11.525444287738875,7
1576,72,600.0,25.385156055961108,6
1576,72,900.0,38.34578365228814,5
1576,72,1200.0,68.87677693014385,4
1576,72,1500.0,97.00909813830732,3
1576,72,1800.0,107.92440371448797,2
1576,72,2100.0,119.74106760669216,1
1579,10,300.0,28.283377653436027,23
1579,10,600.0,59.43122533282797,22
1579,10,900.0,90.62594737681155,21
1579,10,1200.0,132.39766863193455,20
1579,10,1500.0,175.88669292085797,19
1579,10,1800.0,222.882893520968,18
1579,10,2100.0,258.7568730401492,17
1579,10,2400.0,312.6544190220395,16
1584,72,300.0,42.05867144863946,1
1587,16,300.0,30.99665258418562,28
1587,16,600.0,73.82762995601782,27
1587,16,900.0,120.22358011797155,26
1587,16,1200.0,163.98496198367513,25
1587,16,1500.0,208.3952248621272,24
1587,16,1800.0,263.0053191870737,23
1587,16,2100.0,327.1692567698455,22
1587,16,2400.0,388.9288693345582,21
1588,26,300.0,20.296952447753675,110
1588,26,600.0,42.69211798824248,109
1588,26,900.0,61.65643509220348,108
1588,26,1200.0,78.54572971525346,107
1588,26,1500.0,97.94042772818672,106
1588,26,1800.0,118.4004481434146,105
1588,26,2100.0,135.38314214084,104
1588,26,2400.0,146.11958338987682,103
1593,72,300.0,11.768385984714643,8
1593,72,600.0,23.049399098632115,7
1593,72,900.0,36.50871846579614,6
1593,72,1200.0,49.60157998712034,5
1593,72,1500.0,62.73391221574717,4
1593,72,1800.0,81.75992850417215,3
1593,72,2100.0,110.54224374008452,2
1593,72,2400.0,78.79580788798847,1
1596,72,300.0,8.330759473506504,1
1599,12,300.0,27.00113480467686,58
1599,12,600.0,54.69246547576522,57
1599,12,900.0,82.88810449986327,56
1599,12,1200.0,108.08662852230685,55
1599,12,1500.0,131.3055307806769,54
1599,12,1800.0,149.62143595640555,53
1599,12,2100.0,166.56463637656958,52
1599,12,2400.0,191.15169903713561,51
1602,10,300.0,32.52922197636538,21
1602,10,600.0,78.83695811067437,20
1602,10,900.0,133.06769259448794,19
1602,10,1200.0,192.67904504655687,18
1602,10,1500.0,235.0815641589616,17
1602,10,1800.0,284.7621508821659,16
1602,10,2100.0,325.3425947363168,15
1602,10,2400.0,368.68884470077035,14
1605,72,300.0,18.24255667942311,9
1605,72,600.0,34.05355083344438,8
1605,72,900.0,53.55036804293205,7
1605,72,1200.0,74.72026411012594,6
1605,72,1500.0,93.3293398238256,5
1605,72,1800.0,110.48016199886096,4
1605,72,2100.0,100.87120401859465,3
1605,72,2400.0,83.36981865361321,2
1606,7,300.0,33.05573481937704,27
1606,7,600.0,73.72307757139762,26
1606,7,900.0,111.68947440153885,25
1606,7,1200.0,144.4019679916253,24
1606,7,1500.0,169.47578963842838,23
1606,7,1800.0,198.2237783394803,22
1606,7,2100.0,233.4833188839475,21
1606,7,2400.0,269.3467659018656,20
1611,72,300.0,1.8835001498838075,2
1611,72,600.0,4.797462101181343,1
1614,12,300.0,32.33618580666354,34
1614,12,600.0,65.45943965525622,33
1614,12,900.0,94.20139414020473,32
1614,12,1200.0,118.05203179263376,31
1614,12,1500.0,151.84114160126074,30
1614,12,1800.0,190.1324250329799,29
1614,12,2100.0,230.87552703736588,28
1614,12,2400.0,270.15085310679854,27
1615,10,300.0,35.93534811430158,29
1615,10,600.0,74.9485690074907,28
1615,10,900.0,122.9940230107314,27
1615,10,1200.0,170.2909991908326,26
1615,10,1500.0,230.15183502722118,25
1615,10,1800.0,297.6679706914603,24
1615,10,2100.0,371.2286538790467,23
1615,10,2400.0,452.61642825668116,22
1620,7,300.0,29.226166921879948,31
1620,7,600.0,63.24570501262863,30
1620,7,900.0,80.25804517759406,29
1620,7,1200.0,97.4697201896353,28
1620,7,1500.0,121.03495709025125,27
1620,7,1800.0,148.7256045914271,26
1620,7,2100.0,193.6132441330827,25
1620,7,2400.0,241.53557427065365,24
1623,10,300.0,47.34215721818351,6
1623,10,600.0,65.0038262644116,5
1623,10,900.0,138.97878425207443,4
1623,10,1200.0,202.32492860362677,3
1623,10,1500.0,275.7328152458686,2
1623,10,1800.0,471.9021459175166,1
1624,12,300.0,33.17184740090796,122
1624,12,600.0,67.03118749211954,121
1624,12,900.0,100.89575220011395,120
1624,12,1200.0,134.21186305222722,119
1624,12,1500.0,167.70091235628962,118
1624,12,1800.0,198.44310204918767,117
1624,12,2100.0,231.64950670445785,116
1624,12,2400.0,257.88250957697204,115
1627,7,300.0,37.40702642820358,2
1627,7,600.0,25.978658302431548,1
1632,7,300.0,36.898246638185746,122
1632,7,600.0,73.04321046231985,121
1632,7,900.0,106.58587679690135,120
1632,7,1200.0,140.40037784795777,119
1632,7,1500.0,170.5600236900746,118
1632,7,1800.0,201.2862192580846,117
1632,7,2100.0,236.94768544712764,116
1632,7,2400.0,271.67297154842294,115
1633,6,300.0,83.41150570163416,1
1634,1,300.0,25.301736307221592,1
1635,12,300.0,37.251754343279465,28
1635,12,600.0,78.29719426205281,27
1635,12,900.0,101.42851388770494,26
1635,12,1200.0,132.78897064170062,25
1635,12,1500.0,168.91053100042132,24
1635,12,1800.0,197.07100992970726,23
1635,12,2100.0,225.98029671990997,22
1635,12,2400.0,242.70056272465428,21
1636,7,300.0,26.6158777221205,3
1636,7,600.0,71.0888736669744,2
1636,7,900.0,152.25293555940254,1
1641,26,300.0,19.25535017354943,80
1641,26,600.0,38.794186897827096,79
1641,26,900.0,57.38593872959331,78
1641,26,1200.0,75.42234497202989,77
1641,26,1500.0,92.92361167623345,76
1641,26,1800.0,110.07074233151735,75
1641,26,2100.0,122.83411721865313,74
1641,26,2400.0,130.9979129210421,73
1644,12,300.0,28.26696457645628,32
1644,12,600.0,58.998439236775766,31
1644,12,900.0,93.56227467171423,30
1644,12,1200.0,123.8715168648961,29
1644,12,1500.0,154.07485269784587,28
1644,12,1800.0,188.22891605615564,27
1644,12,2100.0,224.24235343282342,26
1644,12,2400.0,267.799702219524,25
1645,72,300.0,11.53048536033487,66
1645,72,600.0,22.143235695854415,65
1645,72,900.0,33.88517551516013,64
1645,72,1200.0,44.99116236340786,63
1645,72,1500.0,58.82580181638739,62
1645,72,1800.0,74.56061634338727,61
1645,72,2100.0,91.39897307894792,60
1645,72,2400.0,109.25930067332604,59
1650,7,300.0,41.29075092191268,13
1650,7,600.0,76.02823021382927,12
1650,7,900.0,110.90080491910321,11
1650,7,1200.0,164.7140274014223,10
1650,7,1500.0,226.2469730605717,9
1650,7,1800.0,278.0584422023723,8
1650,7,2100.0,323.8849470834893,7
1650,7,2400.0,354.79629528858794,6
1653,7,300.0,26.762491693770716,6
1653,7,600.0,61.648079715570404,5
1653,7,900.0,104.40847105414338,4
1653,7,1200.0,128.51933388007149,3
1653,7,1500.0,159.81284336816708,2
1653,7,1800.0,133.8164754751313,1
1656,72,300.0,12.870342108125838,12
1656,72,600.0,21.63508558401435,11
1656,72,900.0,31.298374291323547,10
1656,72,1200.0,40.72442272535241,9
1656,72,1500.0,44.3568806146215,8
1656,72,1800.0,46.78665079284646,7
1656,72,2100.0,61.75322118525295,6
1656,72,2400.0,85.13084130876499,5
1659,18,300.0,20.538914611328103,116
1659,18,600.0,42.50626466388418,115
1659,18,900.0,63.435702783580034,114
1659,18,1200.0,81.96884761803985,113
1659,18,1500.0,101.28174767944843,112
1659,18,1800.0,116.66298971788513,111
1659,18,2100.0,127.65398792317106,110
1659,18,2400.0,141.70140246115668,109
1665,7,300.0,34.87677476279289,17
1665,7,600.0,65.45024025682042,16
1665,7,900.0,85.95180734355093,15
1665,7,1200.0,84.04428439929742,14
1665,7,1500.0,95.28900315699799,13
1665,7,1800.0,122.75427305150335,12
1665,7,2100.0,155.8788731767277,11
1665,7,2400.0,198.00838331597166,10
1666,26,300.0,18.61588795085047,35
1666,26,600.0,37.729501016408726,34
1666,26,900.0,54.340087394213235,33
1666,26,1200.0,70.37754663185461,32
1666,26,1500.0,80.19777633768055,31
1666,26,1800.0,82.96808919647555,30
1666,26,2100.0,84.06003505552522,29
1666,26,2400.0,84.44867465915387,28
1669,7,300.0,35.22130092008312,63
1669,7,600.0,66.50083559897665,62
1669,7,900.0,100.25951856830481,61
1669,7,1200.0,130.5197056439603,60
1669,7,1500.0,151.58467287672718,59
1669,7,1800.0,170.44569911616094,58
1669,7,2100.0,193.99493696801864,57
1669,7,2400.0,210.3634802551554,56
1674,12,300.0,24.29148449571815,39
1674,12,600.0,56.4501510905405,38
1674,12,900.0,94.60800596749928,37
1674,12,1200.0,123.11300504999554,36
1674,12,1500.0,143.0442173732531,35
1674,12,1800.0,159.169800838535,34
1674,12,2100.0,177.8360202706689,33
1674,12,2400.0,205.38989996906685,32
1677,26,300.0,12.573948973009037,10
1677,26,600.0,30.084865783673933,9
1677,26,900.0,54.05975585070835,8
1677,26,1200.0,88.24823967084878,7
1677,26,1500.0,126.38665454119545,6
1677,26,1800.0,165.22535897059254,5
1677,26,2100.0,201.60921790472923,4
1677,26,2400.0,241.55585044738044,3
1680,7,300.0,32.79798876334402,18
1680,7,600.0,77.2364983720269,17
1680,7,900.0,127.31098311229448,16
1680,7,1200.0,179.89042620897098,15
1680,7,1500.0,208.04220298554006,14
1680,7,1800.0,230.77331412369045,13
1680,7,2100.0,263.70977684300766,12
1680,7,2400.0,284.0454139251524,11
1681,26,300.0,10.59876580197079,6
1681,26,600.0,28.017119009695826,5
1681,26,900.0,49.22658844491211,4
1681,26,1200.0,57.65830538332168,3
1681,26,1500.0,53.53738868917541,2
1681,26,1800.0,35.8168816884607,1
1684,72,300.0,12.139325133479408,35
1684,72,600.0,20.704214794529427,34
1684,72,900.0,27.343039170990533,33
1684,72,1200.0,36.43765375165776,32
1684,72,1500.0,41.80657067709225,31
1684,72,1800.0,46.46482026755091,30
1684,72,2100.0,51.528586280026175,29
1684,72,2400.0,58.191759874923505,28
1687,7,300.0,34.17341920357259,19
1687,7,600.0,65.61065706355164,18
1687,7,900.0,86.76480865711909,17
1687,7,1200.0,113.53079938606767,16
1687,7,1500.0,144.26579546067907,15
1687,7,1800.0,173.06843461234058,14
1687,7,2100.0,197.3047134634993,13
1687,7,2400.0,229.71658867571864,12
1690,16,300.0,24.65399114099131,141
1690,16,600.0,47.10777206801225,140
1690,16,900.0,64.49607402436563,139
1690,16,1200.0,81.55870532654531,138
1690,16,1500.0,93.23472291597312,137
1690,16,1800.0,107.70332359529607,136
1690,16,2100.0,124.71048648063324,135
1690,16,2400.0,143.01871939330852,134
1695,16,300.0,2.4478379025945984,1
1698,72,300.0,10.068735721275695,7
1698,72,600.0,13.52219940364261,6
1698,72,900.0,20.376577333638185,5
1698,72,1200.0,30.647424833715583,4
1698,72,1500.0,37.09910126528416,3
1698,72,1800.0,40.92378085932094,2
1698,72,2100.0,43.60174543660846,1
1702,72,300.0,7.518188152454167,4
1702,72,600.0,20.58684713820911,3
1702,72,900.0,23.732756586654055,2
1702,72,1200.0,28.00867033384151,1
1703,12,300.0,23.477319778184697,25
1703,12,600.0,40.296888053269065,24
1703,12,900.0,63.8637460649654,23
1703,12,1200.0,86.61554668409389,22
1703,12,1500.0,105.11261536332995,21
1703,12,1800.0,128.92902492138893,20
1703,12,2100.0,142.88608661246116,19
1703,12,2400.0,170.65606588475242,18
1706,18,300.0,18.508974294629056,47
1706,18,600.0,31.568419523237733,46
1706,18,900.0,46.933457274941986,45
1706,18,1200.0,63.415945737415996,44
1706,18,1500.0,78.73183654707042,43
1706,18,1800.0,96.86735849511629,42
1706,18,2100.0,112.57044053852331,41
1706,18,2400.0,133.5974505781134,40
1707,7,300.0,50.054670625413614,14
1707,7,600.0,90.08430030400693,13
1707,7,900.0,130.87206004096802,12
1707,7,1200.0,154.5923838781982,11
1707,7,1500.0,196.42355100472867,10
1707,7,1800.0,248.79064437294332,9
1707,7,2100.0,254.93736506391946,8
1707,7,2400.0,259.96590110552216,7
1714,12,300.0,26.141950601450016,83
1714,12,600.0,56.59229727162608,82
1714,12,900.0,83.9976358619335,81
1714,12,1200.0,109.7469978459239,80
1714,12,1500.0,132.93805252768794,79
1714,12,1800.0,151.43738186182765,78
1714,12,2100.0,166.23559677933747,77
1714,12,2400.0,183.2691071514157,76
1715,18,300.0,50.776925071890886,1
1716,26,300.0,16.54854767260392,23
1716,26,600.0,27.211516650291454,22
1716,26,900.0,40.86104659014826,21
1716,26,1200.0,47.528400030088825,20
1716,26,1500.0,54.33265953449535,19
1716,26,1800.0,67.8604909664128,18
1716,26,2100.0,70.98455903147772,17
1716,26,2400.0,67.02026911987568,16
1717,72,300.0,12.366202094961023,7
1717,72,600.0,28.494834932467626,6
1717,72,900.0,33.804347759405616,5
1717,72,1200.0,37.79961829376067,4
1717,72,1500.0,64.55320759843259,3
1717,72,1800.0,98.02071448726957,2
1717,72,2100.0,89.64040998896407,1
1718,10,300.0,31.34173148426649,110
1718,10,600.0,62.52878427396497,109
1718,10,900.0,89.59745390063051,108
1718,10,1200.0,116.37512226221968,107
1718,10,1500.0,140.90712199315115,106
1718,10,1800.0,156.42496318115542,105
1718,10,2100.0,171.19342950919307,104
1718,10,2400.0,189.94930075608352,103
1725,7,300.0,37.57814387465516,8
1725,7,600.0,80.36000508564796,7
1725,7,900.0,134.58869070178218,6
1725,7,1200.0,191.2558940716905,5
1725,7,1500.0,243.40949851164459,4
1725,7,1800.0,314.90060765186126,3
1725,7,2100.0,382.68737777281603,2
1725,7,2400.0,390.6671445465831,1
1728,12,300.0,20.748700445794558,13
1728,12,600.0,45.11122657695737,12
1728,12,900.0,74.50483516167444,11
1728,12,1200.0,101.98895691312707,10
1728,12,1500.0,116.87576255163493,9
1728,12,1800.0,146.4755569443923,8
1728,12,2100.0,162.27261034254593,7
1728,12,2400.0,204.32041120733456,6
1731,16,300.0,22.683498945875535,32
1731,16,600.0,46.68779773892044,31
1731,16,900.0,71.01507234696595,30
1731,16,1200.0,89.51822007608376,29
1731,16,1500.0,110.34416960040207,28
1731,16,1800.0,138.80264591819162,27
1731,16,2100.0,171.87662910904803,26
1731,16,2400.0,201.90496805374954,25
1734,7,300.0,36.94881599996431,12
1734,7,600.0,85.65723529063611,11
1734,7,900.0,157.43509811674207,10
1734,7,1200.0,241.1302268355958,9
1734,7,1500.0,344.6774376134115,8
1734,7,1800.0,447.9091515589086,7
1734,7,2100.0,529.4074702552574,6
1734,7,2400.0,629.0246733800277,5
1737,30,300.0,18.442636865473826,23
1737,30,600.0,41.46032779360719,22
1737,30,900.0,61.954936788333974,21
1737,30,1200.0,78.65517168743071,20
1737,30,1500.0,92.94279542693603,19
1737,30,1800.0,99.66657569169833,18
1737,30,2100.0,106.6522052960262,17
1737,30,2400.0,121.1124153076947,16
1738,26,300.0,22.633456572126672,18
1738,26,600.0,42.154998371248915,17
1738,26,900.0,53.627887321253226,16
1738,26,1200.0,60.166310505954286,15
1738,26,1500.0,75.49421594027551,14
1738,26,1800.0,91.27075519893037,13
1738,26,2100.0,110.7687241719151,12
1738,26,2400.0,127.70142505875442,11
1739,7,300.0,37.07196691709325,45
1739,7,600.0,77.68374301294801,44
1739,7,900.0,118.53021245144011,43
1739,7,1200.0,162.41748986953394,42
1739,7,1500.0,202.70942151434136,41
1739,7,1800.0,248.55448686521748,40
1739,7,2100.0,288.6644242353654,39
1739,7,2400.0,337.16813209995087,38
1746,72,300.0,8.697019758817522,25
1746,72,600.0,13.822334224688163,24
1746,72,900.0,21.385900182488427,23
1746,72,1200.0,24.709903921634847,22
1746,72,1500.0,28.48305142901,21
1746,72,1800.0,29.03516040041661,20
1746,72,2100.0,32.86282414244176,19
1746,72,2400.0,35.44244214507282,18
1750,16,300.0,24.830911834018487,13
1750,16,600.0,54.22886246130786,12
1750,16,900.0,67.07570710701593,11
1750,16,1200.0,75.86851980025567,10
1750,16,1500.0,90.55659594841296,9
1750,16,1800.0,90.55468568998253,8
1750,16,2100.0,105.08092475691767,7
1750,16,2400.0,104.73246106360926,6
1753,7,300.0,33.19910546475517,8
1753,7,600.0,81.51937980557288,7
1753,7,900.0,93.7979282648386,6
1753,7,1200.0,68.63481663791228,5
1753,7,1500.0,47.16210918471728,4
1753,7,1800.0,57.666853320083476,3
1753,7,2100.0,104.26695615349051,2
1753,7,2400.0,186.88993931710021,1
1758,30,300.0,19.984419469911984,17
1758,30,600.0,40.73598350998066,16
1758,30,900.0,56.6036551865691,15
1758,30,1200.0,75.59607579748094,14
1758,30,1500.0,99.7215544756013,13
1758,30,1800.0,122.93552942502204,12
1758,30,2100.0,143.88464383582522,11
1758,30,2400.0,137.8968414005978,10
1759,7,300.0,52.08061128145678,21
1759,7,600.0,115.57986157128362,20
1759,7,900.0,187.9862030508591,19
1759,7,1200.0,244.67565932605748,18
1759,7,1500.0,308.6343206698185,17
1759,7,1800.0,366.7162920045032,16
1759,7,2100.0,440.1358180818536,15
1759,7,2400.0,479.01435791979253,14
1760,26,300.0,12.61882569818654,18
1760,26,600.0,18.091419257299897,17
1760,26,900.0,23.538986501519275,16
1760,26,1200.0,25.817435263127894,15
1760,26,1500.0,23.196464023009405,14
1760,26,1800.0,27.940450243136322,13
1760,26,2100.0,34.81428572570184,12
1760,26,2400.0,30.906684995841715,11
1761,72,300.0,11.298286890500528,9
1761,72,600.0,18.588874931453343,8
1761,72,900.0,26.630978202444926,7
1761,72,1200.0,37.17240533331402,6
1761,72,1500.0,44.486715391705545,5
1761,72,1800.0,52.15404997585084,4
1761,72,2100.0,59.78451794881793,3
1761,72,2400.0,69.66940620273975,2
1773,72,300.0,13.233440747894866,3
1773,72,600.0,37.843211376564796,2
1773,72,900.0,40.655667844197936,1
1774,26,300.0,6.666902454172888,1
1779,26,300.0,28.969378118735182,9
1779,26,600.0,44.39383202583087,8
1779,26,900.0,56.60401777651242,7
1779,26,1200.0,94.82783269840837,6
1779,26,1500.0,106.91334302495576,5
1779,26,1800.0,146.17173940081156,4
1779,26,2100.0,164.82251214292043,3
1779,26,2400.0,188.22348289395353,2
1782,16,300.0,21.639547795503727,28
1782,16,600.0,40.61274524356656,27
1782,16,900.0,59.62263908123215,26
1782,16,1200.0,78.44677664308361,25
1782,16,1500.0,96.68051431720967,24
1782,16,1800.0,110.23059739572729,23
1782,16,2100.0,123.1810135502778,22
1782,16,2400.0,143.57772636438557,21
1785,12,300.0,29.026257906117337,53
1785,12,600.0,60.48809805700234,52
1785,12,900.0,96.62524558514536,51
1785,12,1200.0,129.52154751614472,50
1785,12,1500.0,161.33642199766865,49
1785,12,1800.0,191.71080074946425,48
1785,12,2100.0,225.82443193205026,47
1785,12,2400.0,260.5062701512094,46
1786,72,300.0,7.691634417148651,15
1786,72,600.0,17.331495600753218,14
1786,72,900.0,26.588430299058754,13
1786,72,1200.0,34.34904460801602,12
1786,72,1500.0,39.0113339658141,11
1786,72,1800.0,40.50748194484818,10
1786,72,2100.0,43.97093387116766,9
1786,72,2400.0,52.21468377411363,8
1791,72,300.0,8.79831802324233,2
1791,72,600.0,10.916969378239823,1
1794,72,300.0,10.322978111617756,7
1794,72,600.0,16.6705980715183,6
1794,72,900.0,15.387415094156879,5
1794,72,1200.0,20.642921276907956,4
1794,72,1500.0,34.621194780126764,3
1794,72,1800.0,47.42157859210014,2
1794,72,2100.0,42.79573250874197,1
1797,7,300.0,39.94375821972847,41
1797,7,600.0,95.12305315251095,40
1797,7,900.0,148.1879545490594,39
1797,7,1200.0,193.33687087323588,38
1797,7,1500.0,237.86527041173758,37
1797,7,1800.0,263.58486833509073,36
1797,7,2100.0,285.96557204484344,35
1797,7,2400.0,318.7188969581753,34
1800,12,300.0,27.732583840280135,23
1800,12,600.0,62.767795676386825,22
1800,12,900.0,88.33440783979952,21
1800,12,1200.0,110.72731204568872,20
1800,12,1500.0,118.10285508999029,19
1800,12,1800.0,118.72608327369068,18
1800,12,2100.0,125.04586277691111,17
1800,12,2400.0,132.88991610540307,16
1803,10,300.0,30.680584598944392,88
1803,10,600.0,59.30619932271705,87
1803,10,900.0,86.52686201446252,86
1803,10,1200.0,111.23433754072086,85
1803,10,1500.0,133.70396938118716,84
1803,10,1800.0,161.17975889181898,83
1803,10,2100.0,189.6897134983798,82
1803,10,2400.0,223.95997418613604,81
1806,26,300.0,20.260151397164858,37
1806,26,600.0,39.81668927619569,36
1806,26,900.0,58.65465390862128,35
1806,26,1200.0,78.85920335507478,34
1806,26,1500.0,96.68107612439562,33
1806,26,1800.0,120.72523753342166,32
1806,26,2100.0,148.1723787103639,31
1806,26,2400.0,167.1528809726238,30
1809,12,300.0,29.02860584428238,11
1809,12,600.0,74.54861683995759,10
1809,12,900.0,123.74983141523587,9
1809,12,1200.0,140.80434804032035,8
1809,12,1500.0,153.57506482094018,7
1809,12,1800.0,139.58219865837455,6
1809,12,2100.0,132.65391737690462,5
1809,12,2400.0,161.5576393162483,4
1810,26,300.0,8.147101506030053,3
1810,26,600.0,22.956203525905472,2
1810,26,900.0,26.749268032872372,1
1815,7,300.0,36.35233061147564,69
1815,7,600.0,83.03053103924847,68
1815,7,900.0,136.05714595499612,67
1815,7,1200.0,189.57510428374349,66
1815,7,1500.0,246.85392766449033,65
1815,7,1800.0,306.51823251047085,64
1815,7,2100.0,370.10773301129456,63
1815,7,2400.0,433.61660346014384,62
1816,16,300.0,20.209454691228892,40
1816,16,600.0,40.516142727899535,39
1816,16,900.0,60.75205470229572,38
1816,16,1200.0,85.31392868429432,37
1816,16,1500.0,109.42555509888274,36
1816,16,1800.0,141.5816270625857,35
1816,16,2100.0,170.61612522140467,34
1816,16,2400.0,194.59785708598133,33
1817,30,300.0,18.735619791967228,64
1817,30,600.0,36.03967960657534,63
1817,30,900.0,54.29921200874405,62
1817,30,1200.0,75.19249972716842,61
1817,30,1500.0,93.5010126814361,60
1817,30,1800.0,110.15712857601298,59
1817,30,2100.0,127.12024240042493,58
1817,30,2400.0,146.08398258697088,57
1820,7,300.0,35.77496339636654,22
1820,7,600.0,69.30767911315895,21
1820,7,900.0,95.79582493353874,20
1820,7,1200.0,129.7849913452448,19
1820,7,1500.0,162.43576592044283,18
1820,7,1800.0,185.51844185003281,17
1820,7,2100.0,219.19686894628194,16
1820,7,2400.0,251.70017654503823,15
1821,23,300.0,23.638230942898616,4
1821,23,600.0,37.68362716712086,3
1821,23,900.0,37.83179013048523,2
1821,23,1200.0,74.9944805031641,1
1822,26,300.0,23.84691659844492,6
1822,26,600.0,44.36075041796342,5
1822,26,900.0,45.729757439475435,4
1822,26,1200.0,41.14445228460091,3
1822,26,1500.0,20.95083026103115,2
1822,26,1800.0,1.4085884581036021,1
1830,72,300.0,8.33443180079853,33
1830,72,600.0,18.865250622973406,32
1830,72,900.0,28.912038875427964,31
1830,72,1200.0,36.3688180958778,30
1830,72,1500.0,43.12401303147478,29
1830,72,1800.0,49.243475054088286,28
1830,72,2100.0,58.23399056300883,27
1830,72,2400.0,68.13874113155313,26
1833,23,300.0,31.595939044208748,9
1833,23,600.0,72.61680154752642,8
1833,23,900.0,135.38708477068718,7
1833,23,1200.0,204.79850354452856,6
1833,23,1500.0,288.2989976537161,5
1833,23,1800.0,394.1165450362937,4
1833,23,2100.0,518.5522662152182,3
1833,23,2400.0,654.6949343089907,2
1834,10,300.0,30.348034578587512,26
1834,10,600.0,55.74543376574768,25
1834,10,900.0,80.12626675566544,24
1834,10,1200.0,100.827073069799,23
1834,10,1500.0,99.7128036294289,22
1834,10,1800.0,109.71569249617494,21
1834,10,2100.0,129.89189504907478,20
1834,10,2400.0,161.42858286230805,19
1839,7,300.0,41.55390283983955,28
1839,7,600.0,91.12776776215995,27
1839,7,900.0,137.30929063638698,26
1839,7,1200.0,171.1906245083788,25
1839,7,1500.0,195.0746019825614,24
1839,7,1800.0,203.83114427954357,23
1839,7,2100.0,216.35425548383247,22
1839,7,2400.0,225.54391689683317,21
1842,12,300.0,30.427606671367474,50
1842,12,600.0,53.19675783438398,49
1842,12,900.0,71.95783541327836,48
1842,12,1200.0,102.07602260488552,47
1842,12,1500.0,130.5789416203156,46
1842,12,1800.0,159.5123700736513,45
1842,12,2100.0,181.05963704090226,44
1842,12,2400.0,197.9291476259403,43
1843,7,300.0,46.8963976400414,14
1843,7,600.0,96.57329688758115,13
1843,7,900.0,146.30654929730093,12
1843,7,1200.0,189.99895497497846,11
1843,7,1500.0,253.75622384123034,10
1843,7,1800.0,303.68807131005,9
1843,7,2100.0,374.47237244168866,8
1843,7,2400.0,425.29761294729525,7
1848,12,300.0,22.7641330071391,2
1848,12,600.0,80.10723471765556,1
1851,26,300.0,18.288406772656224,55
1851,26,600.0,34.41763262931862,54
1851,26,900.0,49.95539930073651,53
1851,26,1200.0,65.95428559036455,52
1851,26,1500.0,79.49293348950725,51
1851,26,1800.0,95.4771583604007,50
1851,26,2100.0,108.85184713598282,49
1851,26,2400.0,117.60087260736971,48
1854,12,300.0,23.217157037606196,23
1854,12,600.0,42.60980390797366,22
1854,12,900.0,58.372533397071884,21
1854,12,1200.0,77.86335588310143,20
1854,12,1500.0,86.03530428565851,19
1854,12,1800.0,91.01612338356011,18
1854,12,2100.0,92.10460340210112,17
1854,12,2400.0,86.9057797547885,16
1857,30,300.0,16.77749127603468,84
1857,30,600.0,35.4663449171184,83
1857,30,900.0,53.610535128717636,82
1857,30,1200.0,74.45812978418184,81
1857,30,1500.0,96.57357650649936,80
1857,30,1800.0,117.846209444031,79
1857,30,2100.0,137.788861669167,78
1857,30,2400.0,158.11471827507256,77
1860,23,300.0,19.439202842866095,83
1860,23,600.0,41.19714722105183,82
1860,23,900.0,65.75837701044473,81
1860,23,1200.0,88.98960425085332,80
1860,23,1500.0,110.18277261157999,79
1860,23,1800.0,130.40390391215806,78
1860,23,2100.0,150.36858384756835,77
1860,23,2400.0,169.3628947687106,76
1863,10,300.0,29.776363255250484,85
1863,10,600.0,48.34404482017375,84
1863,10,900.0,72.08248037657695,83
1863,10,1200.0,92.79439319506257,82
1863,10,1500.0,120.55070288269727,81
1863,10,1800.0,149.63608477767676,80
1863,10,2100.0,183.82802945428213,79
1863,10,2400.0,216.12957422323416,78
1866,30,300.0,15.92996898489499,15
1866,30,600.0,29.877058486221284,14
1866,30,900.0,46.16372584239703,13
1866,30,1200.0,61.32588335761099,12
1866,30,1500.0,81.85089824351716,11
1866,30,1800.0,115.80889986021275,10
1866,30,2100.0,140.23862039892936,9
1866,30,2400.0,152.7889929624772,8
1872,26,300.0,19.777340008025668,56
1872,26,600.0,37.84829269004143,55
1872,26,900.0,58.99035738105085,54
1872,26,1200.0,79.44191075868467,53
1872,26,1500.0,98.4493930937522,52
1872,26,1800.0,119.82371615116517,51
1872,26,2100.0,135.02559889429938,50
1872,26,2400.0,150.5065273763654,49
1875,72,300.0,11.904345208851911,115
1875,72,600.0,24.104209098622395,114
1875,72,900.0,37.56618326237568,113
1875,72,1200.0,52.63800761350427,112
1875,72,1500.0,65.03310092239603,111
1875,72,1800.0,77.47991406964233,110
1875,72,2100.0,88.56140283531778,109
1875,72,2400.0,99.37045405142028,108
1876,26,300.0,32.08784128407134,3
1876,26,600.0,29.530462108103492,2
1876,26,900.0,26.435989012683578,1
1881,12,300.0,31.59866058483432,48
1881,12,600.0,62.54474894310432,47
1881,12,900.0,97.08042741225736,46
1881,12,1200.0,129.8525273061022,45
1881,12,1500.0,168.81037631457914,44
1881,12,1800.0,199.58147101613855,43
1881,12,2100.0,232.75875024034983,42
1881,12,2400.0,264.21772292797925,41
1884,23,300.0,22.590148799901552,29
1884,23,600.0,52.35606027031714,28
1884,23,900.0,90.06772241289126,27
1884,23,1200.0,125.46531763411446,26
1884,23,1500.0,162.0730433573101,25
1884,23,1800.0,198.36348922500073,24
1884,23,2100.0,245.68088398218586,23
1884,23,2400.0,303.42836354627696,22
1887,72,300.0,11.380936442965464,7
1887,72,600.0,26.3553043390539,6
1887,72,900.0,33.723354928890075,5
1887,72,1200.0,32.41377477285273,4
1887,72,1500.0,19.2025554248072,3
1887,72,1800.0,16.099436121931642,2
1887,72,2100.0,27.099019459335253,1
1888,26,300.0,21.17217420928782,6
1888,26,600.0,30.805189475566948,5
1888,26,900.0,35.1041282501562,4
1888,26,1200.0,43.473122834746086,3
1888,26,1500.0,48.014666952685445,2
1888,26,1800.0,19.73505969516055,1
1893,23,300.0,10.505051678035894,4
1893,23,600.0,18.331245285150555,3
1893,23,900.0,27.409391547402144,2
1893,23,1200.0,26.211492917360367,1
1894,7,300.0,40.55246277282635,86
1894,7,600.0,82.9406699576243,85
1894,7,900.0,130.2925718961181,84
1894,7,1200.0,183.1699562244864,83
1894,7,1500.0,232.42763195328476,82
1894,7,1800.0,287.540651488235,81
1894,7,2100.0,343.404372981031,80
1894,7,2400.0,399.3734921596778,79
1899,12,300.0,29.347617285756296,14
1899,12,600.0,74.91007770720128,13
1899,12,900.0,111.47046941470228,12
1899,12,1200.0,149.35456601362606,11
1899,12,1500.0,174.2192602525964,10
1899,12,1800.0,181.4238479777438,9
1899,12,2100.0,201.71469585916338,8
1899,12,2400.0,216.94580334917194,7
1902,30,300.0,19.10795605174287,45
1902,30,600.0,36.41347869747802,44
1902,30,900.0,56.07271408215959,43
1902,30,1200.0,80.58568343454324,42
1902,30,1500.0,101.71791162525325,41
1902,30,1800.0,121.23862955915806,40
1902,30,2100.0,138.67985221068878,39
1902,30,2400.0,147.10674023165475,38
1905,30,300.0,22.50933213629988,4
1905,30,600.0,55.4930016432745,3
1905,30,900.0,63.178306191046204,2
1905,30,1200.0,74.46865662423228,1
1906,10,300.0,32.605092046160166,56
1906,10,600.0,72.42659965895028,55
1906,10,900.0,102.63923145092377,54
1906,10,1200.0,128.04125633024157,53
1906,10,1500.0,149.92021718573298,52
1906,10,1800.0,170.16694407116555,51
1906,10,2100.0,191.1665354985809,50
1906,10,2400.0,229.98301562595373,49
1911,12,300.0,25.62215800890804,26
1911,12,600.0,58.816837661843046,25
1911,12,900.0,92.51857163463374,24
1911,12,1200.0,119.44365097044667,23
1911,12,1500.0,148.91949809029217,22
1911,12,1800.0,184.9275165082221,21
1911,12,2100.0,227.1031081420478,20
1911,12,2400.0,271.8314947988589,19
1912,10,300.0,21.60460240531973,10
1912,10,600.0,47.33360464013228,9
1912,10,900.0,63.185020093977144,8
1912,10,1200.0,97.65521677824334,7
1912,10,1500.0,146.9427881316361,6
1912,10,1800.0,178.98453490703724,5
1912,10,2100.0,179.96470587520503,4
1912,10,2400.0,207.45799649416847,3
1917,10,300.0,18.37251376629224,2
1917,10,600.0,65.67423129770094,1
1920,30,300.0,21.137968421794575,19
1920,30,600.0,34.15517135259072,18
1920,30,900.0,47.44846026828467,17
1920,30,1200.0,69.8720785370049,16
1920,30,1500.0,99.05489625153515,15
1920,30,1800.0,122.26317125309814,14
1920,30,2100.0,130.45421565367718,13
1920,30,2400.0,163.49540555395728,12
1921,12,300.0,31.868286877186478,8
1921,12,600.0,46.9679299069068,7
1921,12,900.0,75.26227565742045,6
1921,12,1200.0,131.77408920511945,5
1921,12,1500.0,175.33395322191677,4
1921,12,1800.0,209.1339331250505,3
1921,12,2100.0,347.4549636662866,2
1921,12,2400.0,423.7660575340624,1
1926,72,300.0,10.681615726490902,50
1926,72,600.0,21.222315228229718,49
1926,72,900.0,32.06198906032817,48
1926,72,1200.0,42.07573342623716,47
1926,72,1500.0,53.41801812403553,46
1926,72,1800.0,66.36013202387683,45
1926,72,2100.0,83.37366701694637,44
1926,72,2400.0,102.17324168723708,43
1932,10,300.0,28.529345624849736,15
1932,10,600.0,54.13558582309535,14
1932,10,900.0,81.67010155339902,13
1932,10,1200.0,105.6116203391436,12
1932,10,1500.0,120.67736939401351,11
1932,10,1800.0,154.56427432568324,10
1932,10,2100.0,183.8682547048116,9
1932,10,2400.0,198.8955278087567,8
1935,30,300.0,12.392698967108442,15
1935,30,600.0,26.7431616002382,14
1935,30,900.0,32.67724567307957,13
1935,30,1200.0,41.26365712202718,12
1935,30,1500.0,51.595278773822514,11
1935,30,1800.0,57.958984229150374,10
1935,30,2100.0,66.7428565625222,9
1935,30,2400.0,67.7401042167729,8
1936,12,300.0,30.273823043503253,15
1936,12,600.0,53.95258657664546,14
1936,12,900.0,83.32730772072321,13
1936,12,1200.0,97.43807300632761,12
1936,12,1500.0,89.54070448546338,11
1936,12,1800.0,82.6444043252416,10
1936,12,2100.0,76.39455215676885,9
1936,12,2400.0,82.99516563123419,8
1941,72,300.0,13.904540095880254,15
1941,72,600.0,22.126130272894528,14
1941,72,900.0,33.357497599641775,13
1941,72,1200.0,45.353043380979706,12
1941,72,1500.0,50.010813872470635,11
1941,72,1800.0,51.865520725435445,10
1941,72,2100.0,58.28170347578516,9
1941,72,2400.0,61.53549829929756,8
1944,10,300.0,25.28611669185966,11
1944,10,600.0,35.31037741054811,10
1944,10,900.0,45.98342798218598,9
1944,10,1200.0,47.59090491612672,8
1944,10,1500.0,71.5051233251435,7
1944,10,1800.0,65.19590304369423,6
1944,10,2100.0,65.0311782222171,5
1944,10,2400.0,67.2013582896897,4
1950,26,300.0,17.55118852456154,81
1950,26,600.0,37.3805607697129,80
1950,26,900.0,58.88458814254442,79
1950,26,1200.0,81.01651136199409,78
1950,26,1500.0,101.68018861426444,77
1950,26,1800.0,125.46652448328744,76
1950,26,2100.0,150.13197979792568,75
1950,26,2400.0,171.8915722145198,74
1953,7,300.0,31.736727841211703,78
1953,7,600.0,65.22206939823981,77
1953,7,900.0,98.99399167082869,76
1953,7,1200.0,133.7935198701202,75
1953,7,1500.0,173.74676141530009,74
1953,7,1800.0,214.2941086202261,73
1953,7,2100.0,247.87697174990296,72
1953,7,2400.0,288.9009623783659,71
1954,12,300.0,34.41583384752861,18
1954,12,600.0,82.02392425322434,17
1954,12,900.0,130.6521552583015,16
1954,12,1200.0,196.90611326600822,15
1954,12,1500.0,275.6707841419273,14
1954,12,1800.0,347.9319554828858,13
1954,12,2100.0,400.16520174128453,12
1954,12,2400.0,462.8225952846615,11
1959,30,300.0,15.122759520879187,23
1959,30,600.0,29.54958929019973,22
1959,30,900.0,44.70030420354557,21
1959,30,1200.0,56.118450929699364,20
1959,30,1500.0,65.23272079837449,19
1959,30,1800.0,71.02700948411585,18
1959,30,2100.0,76.37586958310402,17
1959,30,2400.0,88.58735838750036,16
1962,10,300.0,29.4970839915544,16
1962,10,600.0,65.0889609003288,15
1962,10,900.0,84.67021864958083,14
1962,10,1200.0,71.81469976024788,13
1962,10,1500.0,78.70352602424133,12
1962,10,1800.0,109.15475803916284,11
1962,10,2100.0,142.00748170788137,10
1962,10,2400.0,148.879773812846,9
1965,7,300.0,30.594768910020804,19
1965,7,600.0,78.88711701942742,18
1965,7,900.0,136.34823688489837,17
1965,7,1200.0,200.04641120402928,16
1965,7,1500.0,255.626672137073,15
1965,7,1800.0,327.066939017359,14
1965,7,2100.0,394.33011242331384,13
1965,7,2400.0,469.54045831412344,12
1968,26,300.0,20.26790672754171,30
1968,26,600.0,42.53081732863731,29
1968,26,900.0,63.416082900285566,28
1968,26,1200.0,87.70110638223822,27
1968,26,1500.0,110.75381428548593,26
1968,26,1800.0,135.17119389560222,25
1968,26,2100.0,157.70557862124957,24
1968,26,2400.0,187.48598167910077,23
1971,26,300.0,30.43449513277961,4
1971,26,600.0,52.31310154106899,3
1971,26,900.0,111.8999394957664,2
1971,26,1200.0,134.48796521660873,1
1974,23,300.0,21.283049342099147,127
1974,23,600.0,43.5800640294428,126
1974,23,900.0,68.55429422438328,125
1974,23,1200.0,90.05144158212825,124
1974,23,1500.0,114.49362044637678,123
1974,23,1800.0,135.9000734717055,122
1974,23,2100.0,159.50557802002265,121
1974,23,2400.0,182.13443175087352,120
1977,7,300.0,39.153146793030245,37
1977,7,600.0,71.87246995292482,36
1977,7,900.0,99.68600806841631,35
1977,7,1200.0,133.65465134388072,34
1977,7,1500.0,161.4512702080201,33
1977,7,1800.0,206.8121622388444,32
1977,7,2100.0,245.26262948437096,31
1977,7,2400.0,276.2577900516049,30
1980,23,300.0,20.950072654537227,13
1980,23,600.0,42.48667625226658,12
1980,23,900.0,56.94710775534838,11
1980,23,1200.0,60.027126700488694,10
1980,23,1500.0,59.190699291575925,9
1980,23,1800.0,52.49609326920587,8
1980,23,2100.0,38.16616051699113,7
1980,23,2400.0,23.94913270966316,6
1983,72,300.0,12.541403313170752,84
1983,72,600.0,25.97321954128914,83
1983,72,900.0,38.46101106135815,82
1983,72,1200.0,49.73903035566486,81
1983,72,1500.0,60.05985561061641,80
1983,72,1800.0,75.39348436249556,79
1983,72,2100.0,88.5838652926167,78
1983,72,2400.0,102.98628785583631,77
1984,30,300.0,14.235500413189234,65
1984,30,600.0,29.268374705965304,64
1984,30,900.0,47.59960784691097,63
1984,30,1200.0,64.09479686506712,62
1984,30,1500.0,84.96103845231687,61
1984,30,1800.0,98.62493431117352,60
1984,30,2100.0,112.98805884998549,59
1984,30,2400.0,127.45445464670092,58
1989,10,300.0,28.721018483140462,64
1989,10,600.0,59.03916356861189,63
1989,10,900.0,86.54714643052529,62
1989,10,1200.0,112.51682268078225,61
1989,10,1500.0,132.07132508095077,60
1989,10,1800.0,149.4818418928919,59
1989,10,2100.0,168.80623711189574,58
1989,10,2400.0,182.39129334834558,57
1992,23,300.0,20.022635616497652,21
1992,23,600.0,32.442995175913076,20
1992,23,900.0,44.93586727830591,19
1992,23,1200.0,67.66183492206888,18
1992,23,1500.0,91.27290596183867,17
1992,23,1800.0,109.59355390443147,16
1992,23,2100.0,121.33868328831748,15
1992,23,2400.0,135.20199410309252,14
1993,7,300.0,23.887988737481287,25
1993,7,600.0,45.480641455450076,24
1993,7,900.0,60.63853779726305,23
1993,7,1200.0,85.8887091033932,22
1993,7,1500.0,113.98924758547916,21
1993,7,1800.0,144.03396388803026,20
1993,7,2100.0,165.94271513557405,19
1993,7,2400.0,179.91004251120836,18
2002,10,300.0,27.26939862061464,24
2002,10,600.0,53.527577951954626,23
2002,10,900.0,88.65320146840511,22
2002,10,1200.0,130.33777536175427,21
2002,10,1500.0,167.62171616849164,20
2002,10,1800.0,214.23905901567704,19
2002,10,2100.0,268.58218589802493,18
2002,10,2400.0,344.169824179244,17
2006,26,300.0,22.116248979391138,72
2006,26,600.0,44.064818424266676,71
2006,26,900.0,67.44775242074395,70
2006,26,1200.0,93.5428884564452,69
2006,26,1500.0,117.07713327495924,68
2006,26,1800.0,147.04932085033053,67
2006,26,2100.0,171.1520258028003,66
2006,26,2400.0,192.96788697230988,65
2007,30,300.0,13.982238027334045,37
2007,30,600.0,30.306282169124422,36
2007,30,900.0,46.00557495879372,35
2007,30,1200.0,61.831567657413025,34
2007,30,1500.0,78.58444146614387,33
2007,30,1800.0,91.58806913151203,32
2007,30,2100.0,100.85505701378398,31
2007,30,2400.0,107.38370975915245,30
2012,12,300.0,27.573707570428844,110
2012,12,600.0,55.148666201569746,109
2012,12,900.0,80.66643162236869,108
2012,12,1200.0,106.7293366116623,107
2012,12,1500.0,128.95854340965886,106
2012,12,1800.0,148.3695304208473,105
2012,12,2100.0,169.63114664348146,104
2012,12,2400.0,187.15661916141946,103
2021,12,300.0,17.59464393298966,6
2021,12,600.0,35.82733026596425,5
2021,12,900.0,43.10263783203211,4
2021,12,1200.0,37.81160221010723,3
2021,12,1500.0,37.00121578857736,2
2021,12,1800.0,52.927681642634695,1
2024,72,300.0,9.450655501253495,53
2024,72,600.0,20.004106501397526,52
2024,72,900.0,30.509021373984552,51
2024,72,1200.0,41.46764671903066,50
2024,72,1500.0,54.77655710010383,49
2024,72,1800.0,64.93593327769996,48
2024,72,2100.0,74.5101706894281,47
2024,72,2400.0,86.78745038641829,46
2027,30,300.0,14.4876449614255,37
2027,30,600.0,26.865874633163294,36
2027,30,900.0,38.12529538424957,35
2027,30,1200.0,48.57916767086948,34
2027,30,1500.0,56.68579684735582,33
2027,30,1800.0,69.36601585115177,32
2027,30,2100.0,83.1296674031861,31
2027,30,2400.0,95.8297936296639,30
2030,72,300.0,11.431505575125277,23
2030,72,600.0,23.477244155877678,22
2030,72,900.0,35.38021526268858,21
2030,72,1200.0,50.03311262797145,20
2030,72,1500.0,69.43598477682504,19
2030,72,1800.0,87.23872703266808,18
2030,72,2100.0,106.68119491545404,17
2030,72,2400.0,123.62358911639798,16
2033,10,300.0,26.898022135455957,51
2033,10,600.0,54.38059733830637,50
2033,10,900.0,81.14222959851601,49
2033,10,1200.0,102.19439871575027,48
2033,10,1500.0,124.14638813222011,47
2033,10,1800.0,149.96827294302983,46
2033,10,2100.0,180.25838690657443,45
2033,10,2400.0,214.17570199194225,44
2034,26,300.0,17.6211544270275,42
2034,26,600.0,34.971578468025314,41
2034,26,900.0,49.06445612312375,40
2034,26,1200.0,66.45133320488098,39
2034,26,1500.0,86.55438327516846,38
2034,26,1800.0,106.01859819685829,37
2034,26,2100.0,129.6046170468222,36
2034,26,2400.0,144.63382705122493,35
2037,23,300.0,17.28954145272339,80
2037,23,600.0,31.958874950728635,79
2037,23,900.0,46.533494918198386,78
2037,23,1200.0,60.08409250186281,77
2037,23,1500.0,75.63972896913526,76
2037,23,1800.0,94.8125811223999,75
2037,23,2100.0,113.99261425031848,74
2037,23,2400.0,132.04524877149817,73
2038,36,300.0,13.72084388988629,15
2038,36,600.0,24.896351837356317,14
2038,36,900.0,35.94667963890971,13
2038,36,1200.0,46.83405886691071,12
2038,36,1500.0,62.78135763259082,11
2038,36,1800.0,82.80353422742502,10
2038,36,2100.0,98.27267131024905,9
2038,36,2400.0,116.17013143353742,8
2044,36,300.0,35.9749148104763,1
2047,36,300.0,18.92815029791441,5
2047,36,600.0,38.423429873562995,4
2047,36,900.0,61.49492445360414,3
2047,36,1200.0,60.86453870719522,2
2047,36,1500.0,35.807899429500864,1
2050,7,300.0,36.992742941927084,92
2050,7,600.0,71.44563555728115,91
2050,7,900.0,105.68704052433432,90
2050,7,1200.0,137.36318277361605,89
2050,7,1500.0,156.83448877384382,88
2050,7,1800.0,181.0387896542689,87
2050,7,2100.0,199.7035829115621,86
2050,7,2400.0,217.73771925647966,85
2051,12,300.0,30.419348580309318,55
2051,12,600.0,53.04793272706448,54
2051,12,900.0,83.51081682594602,53
2051,12,1200.0,113.46605558087025,52
2051,12,1500.0,136.02998541507705,51
2051,12,1800.0,158.26164787434953,50
2051,12,2100.0,181.07341117967914,49
2051,12,2400.0,208.9797074777201,48
2052,30,300.0,16.6491251448486,31
2052,30,600.0,36.126411117873914,30
2052,30,900.0,46.8687881093213,29
2052,30,1200.0,58.66137317952778,28
2052,30,1500.0,72.61691800064119,27
2052,30,1800.0,85.2857971205811,26
2052,30,2100.0,102.34126034192002,25
2052,30,2400.0,120.24056880752823,24
2057,72,300.0,12.452090685162892,29
2057,72,600.0,27.319577637036726,28
2057,72,900.0,40.515466618353244,27
2057,72,1200.0,52.6845140243969,26
2057,72,1500.0,62.541740646049945,25
2057,72,1800.0,66.3359209647429,24
2057,72,2100.0,75.2000771638458,23
2057,72,2400.0,79.94830382727088,22
2062,36,300.0,16.564830783643067,5
2062,36,600.0,37.17094959199675,4
2062,36,900.0,50.696939799068225,3
2062,36,1200.0,64.89574938427675,2
2062,36,1500.0,110.80418177423536,1
2065,7,300.0,30.169260977669058,5
2065,7,600.0,53.56163443395584,4
2065,7,900.0,111.29130366999591,3
2065,7,1200.0,145.9100940600785,2
2065,7,1500.0,205.76151156057114,1
2068,7,300.0,40.35646992878562,6
2068,7,600.0,77.77915305264415,5
2068,7,900.0,73.71062284324873,4
2068,7,1200.0,114.62646915323512,3
2068,7,1500.0,111.41736419193222,2
2068,7,1800.0,145.2568097514709,1
2071,72,300.0,10.403119163204346,17
2071,72,600.0,18.807525962467746,16
2071,72,900.0,22.73637681905351,15
2071,72,1200.0,23.330412798698287,14
2071,72,1500.0,25.21816470440138,13
2071,72,1800.0,32.620489612967525,12
2071,72,2100.0,32.042119941422236,11
2071,72,2400.0,33.4562872039815,10
2074,30,300.0,18.066507805247237,20
2074,30,600.0,26.171336920321686,19
2074,30,900.0,33.29183145534346,18
2074,30,1200.0,33.91682656252396,17
2074,30,1500.0,37.82811006177914,16
2074,30,1800.0,39.4259684374834,15
2074,30,2100.0,47.05314337999272,14
2074,30,2400.0,55.68600697246009,13
2077,36,300.0,19.076068731595136,20
2077,36,600.0,33.45389233278084,19
2077,36,900.0,47.17951076089044,18
2077,36,1200.0,57.35095848525393,17
2077,36,1500.0,65.35453681918959,16
2077,36,1800.0,79.83355779477763,15
2077,36,2100.0,92.25801238514293,14
2077,36,2400.0,100.72089100506865,13
2080,30,300.0,26.55862776449135,4
2080,30,600.0,58.18739335524799,3
2080,30,900.0,41.28411384694528,2
2080,30,1200.0,23.83323165284881,1
2085,12,300.0,28.24796846224235,39
2085,12,600.0,52.06410698485964,38
2085,12,900.0,86.88265521749184,37
2085,12,1200.0,113.1903227366974,36
2085,12,1500.0,139.85043128182133,35
2085,12,1800.0,164.53790474195839,34
2085,12,2100.0,194.25844577223327,33
2085,12,2400.0,210.1564385206617,32
2086,36,300.0,19.73387227217225,11
2086,36,600.0,49.510932759121225,10
2086,36,900.0,85.39003478215969,9
2086,36,1200.0,122.35983459119292,8
2086,36,1500.0,165.5710307920821,7
2086,36,1800.0,209.24677808429593,6
2086,36,2100.0,217.32296371374295,5
2086,36,2400.0,220.04110890517282,4
2091,12,300.0,23.10659334549739,9
2091,12,600.0,56.184449624506826,8
2091,12,900.0,79.66534134877556,7
2091,12,1200.0,83.23563786956863,6
2091,12,1500.0,99.30249154972034,5
2091,12,1800.0,98.77923586881639,4
2091,12,2100.0,52.487463116383005,3
2091,12,2400.0,49.04623394240265,2
2092,7,300.0,39.086568094173444,36
2092,7,600.0,83.15454999642932,35
2092,7,900.0,125.73463943944355,34
2092,7,1200.0,171.3170726898844,33
2092,7,1500.0,215.14822658684994,32
2092,7,1800.0,253.5567995128277,31
2092,7,2100.0,301.6323613102951,30
2092,7,2400.0,357.14935320520533,29
2093,30,300.0,16.63444813675346,22
2093,30,600.0,31.795521123613316,21
2093,30,900.0,44.65362474527008,20
2093,30,1200.0,64.9526344102983,19
2093,30,1500.0,86.91222346355046,18
2093,30,1800.0,97.82405651329175,17
2093,30,2100.0,115.96830649074322,16
2093,30,2400.0,138.92639801956585,15
2100,36,300.0,14.185932130362533,12
2100,36,600.0,22.096398471481038,11
2100,36,900.0,28.769402342218644,10
2100,36,1200.0,38.35925835774846,9
2100,36,1500.0,52.93793215163419,8
2100,36,1800.0,72.16860022193471,7
2100,36,2100.0,88.84937851834964,6
2100,36,2400.0,123.9767278538025,5
2103,36,300.0,12.538013293009582,12
2103,36,600.0,25.4420744306571,11
2103,36,900.0,35.722005488815064,10
2103,36,1200.0,52.281361290339845,9
2103,36,1500.0,75.04819191148086,8
2103,36,1800.0,72.31728242281022,7
2103,36,2100.0,65.37579028523437,6
2103,36,2400.0,52.830810077299795,5
2106,7,300.0,34.0296087309144,21
2106,7,600.0,57.92834962922492,20
2106,7,900.0,81.0542247966195,19
2106,7,1200.0,95.3917405362981,18
2106,7,1500.0,113.55765985396086,17
2106,7,1800.0,129.76777062765066,16
2106,7,2100.0,164.2586422503778,15
2106,7,2400.0,198.3495881049635,14
2107,23,300.0,20.811223116813125,88
2107,23,600.0,37.16819054906126,87
2107,23,900.0,47.398884276423644,86
2107,23,1200.0,57.61820999462501,85
2107,23,1500.0,66.14448576553906,84
2107,23,1800.0,75.73846009127634,83
2107,23,2100.0,85.35325412622795,82
2107,23,2400.0,98.82871500095605,81
2108,6,300.0,20.022614846733127,1
2109,1,300.0,91.00111517967217,1
2112,36,300.0,13.885623396343663,12
2112,36,600.0,29.650461350222187,11
2112,36,900.0,45.38512823148483,10
2112,36,1200.0,64.11270346262583,9
2112,36,1500.0,84.68023740568236,8
2112,36,1800.0,111.69675395057072,7
2112,36,2100.0,141.99474096977463,6
2112,36,2400.0,155.91859808213897,5
2115,7,300.0,25.642509397815985,6
2115,7,600.0,44.822667629906505,5
2115,7,900.0,68.12796660265869,4
2115,7,1200.0,77.05825584733911,3
2115,7,1500.0,63.66146685105683,2
2115,7,1800.0,50.53797307303543,1
2118,7,300.0,18.7471444141963,4
2118,7,600.0,22.982187134002114,3
2118,7,900.0,51.40360634878348,2
2118,7,1200.0,61.89093650818519,1
2121,7,300.0,41.22775018965845,18
2121,7,600.0,67.2089699094747,17
2121,7,900.0,96.13016205016797,16
2121,7,1200.0,121.75130761719548,15
2121,7,1500.0,144.32993034917723,14
2121,7,1800.0,163.03083362167962,13
2121,7,2100.0,148.28123618660953,12
2121,7,2400.0,141.88854614120427,11
2124,72,300.0,10.82406223662755,103
2124,72,600.0,22.097302706396896,102
2124,72,900.0,32.868525975443156,101
2124,72,1200.0,44.46368208891663,100
2124,72,1500.0,56.84514279249064,99
2124,72,1800.0,71.56010668243317,98
2124,72,2100.0,86.30323374828642,97
2124,72,2400.0,99.82948153777208,96
2127,36,300.0,16.53020271998545,52
2127,36,600.0,31.449306907604434,51
2127,36,900.0,46.13679346670818,50
2127,36,1200.0,57.445209289824966,49
2127,36,1500.0,62.06006879331136,48
2127,36,1800.0,67.28841132969484,47
2127,36,2100.0,77.25464185874644,46
2127,36,2400.0,90.9752231681525,45
2130,72,300.0,10.743121567280909,18
2130,72,600.0,20.578742357041875,17
2130,72,900.0,32.95269523723369,16
2130,72,1200.0,39.91804213188952,15
2130,72,1500.0,44.748985259097445,14
2130,72,1800.0,54.80063802272495,13
2130,72,2100.0,61.751977397265506,12
2130,72,2400.0,71.85763498787848,11
2133,30,300.0,16.74653599492373,105
2133,30,600.0,36.55274306527439,104
2133,30,900.0,57.25618432307975,103
2133,30,1200.0,77.99107184581155,102
2133,30,1500.0,100.29726240122325,101
2133,30,1800.0,121.819227097539,100
2133,30,2100.0,141.47220494736948,99
2133,30,2400.0,159.4469807132228,98
2134,7,300.0,40.37564789733495,47
2134,7,600.0,75.34173797931159,46
2134,7,900.0,108.94603809611539,45
2134,7,1200.0,134.40978111796997,44
2134,7,1500.0,160.86323380316892,43
2134,7,1800.0,191.40219431115617,42
2134,7,2100.0,216.72450984233,41
2134,7,2400.0,249.61921811220972,40
2135,12,300.0,30.1678164031653,109
2135,12,600.0,67.26295643159395,108
2135,12,900.0,104.45381353170093,107
2135,12,1200.0,142.48643752736533,106
2135,12,1500.0,183.31550291157262,105
2135,12,1800.0,221.848996557642,104
2135,12,2100.0,262.2316544745546,103
2135,12,2400.0,300.0663055945381,102
2138,36,300.0,19.497066549627863,26
2138,36,600.0,40.51916005498834,25
2138,36,900.0,55.64612348455885,24
2138,36,1200.0,71.7832557025723,23
2138,36,1500.0,90.06975518208395,22
2138,36,1800.0,102.70575775713812,21
2138,36,2100.0,123.61071997438955,20
2138,36,2400.0,152.0170427507794,19
2139,72,300.0,9.392886678516334,17
2139,72,600.0,20.207184576452526,16
2139,72,900.0,25.185638203784563,15
2139,72,1200.0,33.05679039326582,14
2139,72,1500.0,41.732633130472706,13
2139,72,1800.0,45.159615920996,12
2139,72,2100.0,46.04087982719803,11
2139,72,2400.0,45.94316942711886,10
2144,36,300.0,13.187824164820071,5
2144,36,600.0,37.13128269231566,4
2144,36,900.0,60.75756182729301,3
2144,36,1200.0,95.07550262272296,2
2144,36,1500.0,138.85909537756115,1
2147,72,300.0,10.444664270049405,30
2147,72,600.0,17.39319515760129,29
2147,72,900.0,27.332878598252968,28
2147,72,1200.0,38.3747603188705,27
2147,72,1500.0,54.33424911113486,26
2147,72,1800.0,71.30804382760851,25
2147,72,2100.0,84.23941157499839,24
2147,72,2400.0,102.00800204015631,23
2150,72,300.0,9.337643330747694,23
2150,72,600.0,16.9117135899773,22
2150,72,900.0,23.290345617655653,21
2150,72,1200.0,25.823114705037334,20
2150,72,1500.0,30.623156351184292,19
2150,72,1800.0,35.91548323540916,18
2150,72,2100.0,43.91362267630795,17
2150,72,2400.0,50.87018476633101,16
2153,12,300.0,30.50592402225998,63
2153,12,600.0,72.44459436493273,62
2153,12,900.0,105.95465238009164,61
2153,12,1200.0,135.08053802889123,60
2153,12,1500.0,159.05095961230398,59
2153,12,1800.0,192.29794277279018,58
2153,12,2100.0,236.06531122985308,57
2153,12,2400.0,278.16378722543834,56
2156,37,300.0,14.430920304202496,72
2156,37,600.0,26.725574545945367,71
2156,37,900.0,39.74515174455963,70
2156,37,1200.0,55.39396701441919,69
2156,37,1500.0,71.45032753920674,68
2156,37,1800.0,86.65190393282809,67
2156,37,2100.0,99.16353298967556,66
2156,37,2400.0,114.11383969836061,65
2159,37,300.0,21.253592592940585,16
2159,37,600.0,40.25715316171539,15
2159,37,900.0,70.43949755276802,14
2159,37,1200.0,103.21364041381786,13
2159,37,1500.0,134.89910520099153,12
2159,37,1800.0,156.93314635343788,11
2159,37,2100.0,180.03030512332307,10
2159,37,2400.0,207.309280154712,9
2160,72,300.0,10.355670687820377,28
2160,72,600.0,18.022793102354086,27
2160,72,900.0,24.031931370134938,26
2160,72,1200.0,30.624930691863113,25
2160,72,1500.0,37.4495290661259,24
2160,72,1800.0,46.25174129863507,23
2160,72,2100.0,57.262272001599925,22
2160,72,2400.0,63.307574042879075,21
2161,12,300.0,24.76722022193513,22
2161,12,600.0,43.50017778589387,21
2161,12,900.0,58.29908172635733,20
2161,12,1200.0,64.75637572320478,19
2161,12,1500.0,67.74486396390488,18
2161,12,1800.0,69.89015881762649,17
2161,12,2100.0,77.37040619541223,16
2161,12,2400.0,69.84152546415775,15
2168,23,300.0,21.37608832567345,180
2168,23,600.0,42.4789679499101,179
2168,23,900.0,66.80353419779544,178
2168,23,1200.0,93.0546710144796,177
2168,23,1500.0,121.23008206923276,176
2168,23,1800.0,147.08035668005994,175
2168,23,2100.0,172.64416037350455,174
2168,23,2400.0,200.21816906370577,173
2174,36,300.0,13.57498359882988,89
2174,36,600.0,23.546741182701556,88
2174,36,900.0,35.16900987452167,87
2174,36,1200.0,45.273785078813575,86
2174,36,1500.0,57.92059354318617,85
2174,36,1800.0,71.41194467571606,84
2174,36,2100.0,85.31273163993704,83
2174,36,2400.0,100.65045036465922,82
2177,12,300.0,25.589074639974942,13
2177,12,600.0,49.89187374736812,12
2177,12,900.0,68.20202880456036,11
2177,12,1200.0,90.1090057662821,10
2177,12,1500.0,128.6746201882877,9
2177,12,1800.0,174.23852361580774,8
2177,12,2100.0,209.9527001237057,7
2177,12,2400.0,242.21656089368665,6
2178,72,300.0,9.244964434632001,14
2178,72,600.0,23.62501917718521,13
2178,72,900.0,40.14609549998952,12
2178,72,1200.0,61.084413327592216,11
2178,72,1500.0,89.94020120373617,10
2178,72,1800.0,126.85037385281203,9
2178,72,2100.0,159.32982479159804,8
2178,72,2400.0,181.92555035438474,7
2181,37,300.0,18.115072147597164,16
2181,37,600.0,31.382714355948846,15
2181,37,900.0,49.734468664893306,14
2181,37,1200.0,56.93053228799434,13
2181,37,1500.0,63.49682480497924,12
2181,37,1800.0,70.93840352398516,11
2181,37,2100.0,77.7536150031548,10
2181,37,2400.0,82.16381805977463,9
2186,72,300.0,26.591121988646027,3
2186,72,600.0,62.01566721550675,2
2186,72,900.0,140.5209138373229,1
2189,23,300.0,22.918865097228093,15
2189,23,600.0,49.9007230031192,14
2189,23,900.0,70.68547129874898,13
2189,23,1200.0,98.09197289827539,12
2189,23,1500.0,126.79696527671355,11
2189,23,1800.0,138.99569937451136,10
2189,23,2100.0,158.23779484581095,9
2189,23,2400.0,188.13919743424583,8
2192,37,300.0,20.778986969674182,11
2192,37,600.0,58.6043340803396,10
2192,37,900.0,110.68439803459063,9
2192,37,1200.0,164.99018499233395,8
2192,37,1500.0,216.6754937551983,7
2192,37,1800.0,292.4645619946327,6
2192,37,2100.0,381.9822650462827,5
2192,37,2400.0,479.7009405718677,4
2195,12,300.0,32.79450146420625,16
2195,12,600.0,57.74855072332388,15
2195,12,900.0,80.29059859093867,14
2195,12,1200.0,120.67407764464537,13
2195,12,1500.0,143.47960614629451,12
2195,12,1800.0,179.29577584186066,11
2195,12,2100.0,223.2699646592824,10
2195,12,2400.0,256.9570055003927,9
2198,12,300.0,11.529355687591085,6
2198,12,600.0,18.671733632949817,5
2198,12,900.0,21.451726017116453,4
2198,12,1200.0,12.583820340306772,3
2198,12,1500.0,3.6172750588897995,2
2198,12,1800.0,3.2047958859059715,1
2201,23,300.0,25.205373165656724,25
2201,23,600.0,45.82507996725867,24
2201,23,900.0,67.72878814479014,23
2201,23,1200.0,85.60243735356092,22
2201,23,1500.0,104.60136511271087,21
2201,23,1800.0,120.01767594945133,20
2201,23,2100.0,132.3069534698596,19
2201,23,2400.0,146.9521615846238,18
2204,37,300.0,12.970976493251891,23
2204,37,600.0,26.562326655731216,22
2204,37,900.0,41.18754984290157,21
2204,37,1200.0,52.327906278916,20
2204,37,1500.0,66.1222742019662,19
2204,37,1800.0,81.23143426825908,18
2204,37,2100.0,103.42692094061961,17
2204,37,2400.0,132.92877968340525,16
2205,23,300.0,13.417632714839206,1
2210,36,300.0,17.037025059706973,52
2210,36,600.0,36.237217422088996,51
2210,36,900.0,56.23017099009398,50
2210,36,1200.0,74.50845615556435,49
2210,36,1500.0,92.53155460157235,48
2210,36,1800.0,109.30444055836114,47
2210,36,2100.0,130.49404809019526,46
2210,36,2400.0,151.789350209522,45
2213,12,300.0,28.838177680360673,27
2213,12,600.0,51.77030176874133,26
2213,12,900.0,70.97695124724441,25
2213,12,1200.0,97.43485432271866,24
2213,12,1500.0,118.1726211095589,23
2213,12,1800.0,135.2050082349036,22
2213,12,2100.0,155.81343648793492,21
2213,12,2400.0,170.9516497581207,20
2216,36,300.0,11.929251669541626,12
2216,36,600.0,18.18569716822501,11
2216,36,900.0,19.441464796325594,10
2216,36,1200.0,25.109001692902048,9
2216,36,1500.0,27.894592336012384,8
2216,36,1800.0,23.002046626306143,7
2216,36,2100.0,17.83878400900627,6
2216,36,2400.0,18.257814616524563,5
2217,23,300.0,13.810935234633105,22
2217,23,600.0,24.13901290791087,21
2217,23,900.0,35.904556540311354,20
2217,23,1200.0,43.94530846149259,19
2217,23,1500.0,56.04682070991425,18
2217,23,1800.0,66.08879757697484,17
2217,23,2100.0,70.81345578941888,16
2217,23,2400.0,81.56685481212294,15
2220,12,300.0,36.3160135240652,9
2220,12,600.0,70.85575573188547,8
2220,12,900.0,108.5317640544852,7
2220,12,1200.0,163.80048334107687,6
2220,12,1500.0,237.54575139696163,5
2220,12,1800.0,315.37210946804845,4
2220,12,2100.0,434.51692026420886,3
2220,12,2400.0,535.9939865957688,2
2225,12,300.0,32.27805041603419,8
2225,12,600.0,63.208318084322805,7
2225,12,900.0,93.27768733127904,6
2225,12,1200.0,147.20482452397397,5
2225,12,1500.0,173.89086376921426,4
2225,12,1800.0,217.20361177965754,3
2225,12,2100.0,203.22958986682474,2
2225,12,2400.0,87.70250404195428,1
2228,23,300.0,18.57753410179026,17
2228,23,600.0,33.122549794665424,16
2228,23,900.0,51.91020916441921,15
2228,23,1200.0,59.03580369935457,14
2228,23,1500.0,70.55313605785126,13
2228,23,1800.0,71.7565064293872,12
2228,23,2100.0,89.19909343708198,11
2228,23,2400.0,106.80754697492644,10
2231,37,300.0,19.29715005539728,64
2231,37,600.0,37.41793098487683,63
2231,37,900.0,59.39457458269064,62
2231,37,1200.0,84.2512581468758,61
2231,37,1500.0,109.99109734336949,60
2231,37,1800.0,139.57146984429053,59
2231,37,2100.0,173.86064022900408,58
2231,37,2400.0,212.2387030037004,57
2234,72,300.0,12.858884075146094,100
2234,72,600.0,24.49773015979671,99
2234,72,900.0,35.71899443442692,98
2234,72,1200.0,45.87432248833797,97
2234,72,1500.0,54.588910311520486,96
2234,72,1800.0,68.09828217218367,95
2234,72,2100.0,82.78960023090588,94
2234,72,2400.0,96.58219546498148,93
2237,37,300.0,6.662540616125937,4
2237,37,600.0,18.64627360024391,3
2237,37,900.0,31.342772749294127,2
2237,37,1200.0,32.252363382974515,1
2240,12,300.0,32.560317924183224,41
2240,12,600.0,62.44356968818529,40
2240,12,900.0,86.39658253489894,39
2240,12,1200.0,110.92406471916497,38
2240,12,1500.0,131.93076257290124,37
2240,12,1800.0,145.93738705041588,36
2240,12,2100.0,166.7977729484593,35
2240,12,2400.0,178.83080828215236,34
2243,36,300.0,17.54519123758381,60
2243,36,600.0,32.42952524345185,59
2243,36,900.0,46.91998446575912,58
2243,36,1200.0,59.1480104369848,57
2243,36,1500.0,68.24107269140215,56
2243,36,1800.0,75.70223328625737,55
2243,36,2100.0,80.67983839845522,54
2243,36,2400.0,81.15224748196036,53
2244,23,300.0,21.41554603902025,41
2244,23,600.0,44.662029936884444,40
2244,23,900.0,72.51090342629918,39
2244,23,1200.0,102.64738876341163,38
2244,23,1500.0,134.95660968262212,37
2244,23,1800.0,160.33187098780195,36
2244,23,2100.0,186.20250016695553,35
2244,23,2400.0,204.26086497323675,34
2250,12,300.0,16.717524218584792,8
2250,12,600.0,32.48636991618359,7
2250,12,900.0,49.449407758039854,6
2250,12,1200.0,67.09664144537271,5
2250,12,1500.0,79.60103548624414,4
2250,12,1800.0,100.07962023745812,3
2250,12,2100.0,154.2721033519494,2
2250,12,2400.0,217.36792112356903,1
2258,23,300.0,24.532364264260906,27
2258,23,600.0,58.38289797805962,26
2258,23,900.0,96.76126250861124,25
2258,23,1200.0,137.18035048573984,24
2258,23,1500.0,184.0370505169878,23
2258,23,1800.0,231.37712868987356,22
2258,23,2100.0,275.85091528689895,21
2258,23,2400.0,304.9470339293123,20
2261,36,300.0,16.510476292068116,28
2261,36,600.0,27.992863321172635,27
2261,36,900.0,40.16843030128146,26
2261,36,1200.0,58.603382398265566,25
2261,36,1500.0,73.31787743502379,24
2261,36,1800.0,87.94235008126181,23
2261,36,2100.0,106.04675624641209,22
2261,36,2400.0,121.46467188474749,21
2264,72,300.0,9.458491901411165,54
2264,72,600.0,18.16634355488904,53
2264,72,900.0,29.85688804671362,52
2264,72,1200.0,41.72126688872847,51
2264,72,1500.0,54.654733240851364,50
2264,72,1800.0,68.23546958949022,49
2264,72,2100.0,82.6584790826095,48
2264,72,2400.0,96.21548334623844,47
2267,37,300.0,14.887011090547126,85
2267,37,600.0,28.77453889476688,84
2267,37,900.0,42.62746758924592,83
2267,37,1200.0,52.510068174463115,82
2267,37,1500.0,60.133361295097785,81
2267,37,1800.0,69.38422693912393,80
2267,37,2100.0,81.16793839649469,79
2267,37,2400.0,93.33021335527464,78
2270,36,300.0,15.557157583080826,42
2270,36,600.0,26.326540181463322,41
2270,36,900.0,40.740904905123635,40
2270,36,1200.0,53.761037597214674,39
2270,36,1500.0,71.82133552809817,38
2270,36,1800.0,90.10185506708655,37
2270,36,2100.0,113.82979628398981,36
2270,36,2400.0,137.75174498648147,35
2273,23,300.0,16.37486882600277,51
2273,23,600.0,31.933193814024175,50
2273,23,900.0,47.54065132380693,49
2273,23,1200.0,67.25685991663585,48
2273,23,1500.0,85.31154112963883,47
2273,23,1800.0,98.89683231595588,46
2273,23,2100.0,112.9814601109945,45
2273,23,2400.0,122.3122689365151,44
2276,12,300.0,25.308078492533117,92
2276,12,600.0,58.72023496154539,91
2276,12,900.0,92.07623318943673,90
2276,12,1200.0,136.84920352330616,89
2276,12,1500.0,182.13539107624308,88
2276,12,1800.0,224.36622411254302,87
2276,12,2100.0,267.4588749581296,86
2276,12,2400.0,305.2348829544409,85
2279,72,300.0,9.224223804265005,72
2279,72,600.0,19.20626077678838,71
2279,72,900.0,27.115202090498272,70
2279,72,1200.0,32.56868639254607,69
2279,72,1500.0,37.55380536179757,68
2279,72,1800.0,43.1314930521383,67
2279,72,2100.0,49.00001688471954,66
2279,72,2400.0,53.94595669035539,65
2282,23,300.0,19.32959211523487,39
2282,23,600.0,41.771475785012726,38
2282,23,900.0,65.60412193046635,37
2282,23,1200.0,89.42346481480035,36
2282,23,1500.0,115.25963938051697,35
2282,23,1800.0,146.87272153738792,34
2282,23,2100.0,177.39171891948698,33
2282,23,2400.0,200.60778587791307,32
2285,72,300.0,12.060973663278785,20
2285,72,600.0,21.4289658385219,19
2285,72,900.0,37.99577269313125,18
2285,72,1200.0,54.74839819873451,17
2285,72,1500.0,67.61330844197829,16
2285,72,1800.0,83.41858340050409,15
2285,72,2100.0,93.82115320704307,14
2285,72,2400.0,102.77260708316834,13
2288,36,300.0,14.670470534692283,60
2288,36,600.0,29.15029321235749,59
2288,36,900.0,44.10530087645101,58
2288,36,1200.0,62.69642634402173,57
2288,36,1500.0,81.78851211743358,56
2288,36,1800.0,102.81636279179713,55
2288,36,2100.0,120.22391619984401,54
2288,36,2400.0,141.80444867968706,53
2291,36,300.0,21.217224762210208,4
2291,36,600.0,58.447607376436714,3
2291,36,900.0,113.5883710176641,2
2291,36,1200.0,190.2845105498123,1
2294,72,300.0,10.243480511682893,20
2294,72,600.0,20.432477069946685,19
2294,72,900.0,27.391132368314786,18
2294,72,1200.0,30.43981973373353,17
2294,72,1500.0,35.805207422435586,16
2294,72,1800.0,34.64640130978665,15
2294,72,2100.0,31.63482664955371,14
2294,72,2400.0,33.478271720275615,13
2295,37,300.0,13.89613000410246,82
2295,37,600.0,28.56678424001874,81
2295,37,900.0,46.45002025971231,80
2295,37,1200.0,64.12896545445543,79
2295,37,1500.0,81.56250738348889,78
2295,37,1800.0,99.92732956200275,77
2295,37,2100.0,118.63414674729036,76
2295,37,2400.0,138.26537950943654,75
2300,23,300.0,19.689519546168246,52
2300,23,600.0,45.078082277109516,51
2300,23,900.0,69.6835816813344,50
2300,23,1200.0,91.87355579126495,49
2300,23,1500.0,105.33850800050766,48
2300,23,1800.0,118.37541150780753,47
2300,23,2100.0,125.10349505429774,46
2300,23,2400.0,131.79607499609992,45
2303,36,300.0,18.341567871711405,33
2303,36,600.0,34.02557368624373,32
2303,36,900.0,49.71467100497328,31
2303,36,1200.0,72.37326698559293,30
2303,36,1500.0,93.71140539019862,29
2303,36,1800.0,117.42772464733967,28
2303,36,2100.0,135.60103470234412,27
2303,36,2400.0,151.4364861096644,26
2306,72,300.0,12.019436213322384,31
2306,72,600.0,24.30756825104131,30
2306,72,900.0,35.431806130648,29
2306,72,1200.0,49.54988175570283,28
2306,72,1500.0,63.27660743056386,27
2306,72,1800.0,77.27186410053972,26
2306,72,2100.0,92.6546805086454,25
2306,72,2400.0,102.53344791599095,24
2309,72,300.0,9.332421788385158,5
2309,72,600.0,21.591481819860235,4
2309,72,900.0,33.01921544226605,3
2309,72,1200.0,32.96956976981383,2
2309,72,1500.0,25.568838603490804,1
2312,37,300.0,13.883862572426684,41
2312,37,600.0,27.162938605077255,40
2312,37,900.0,38.189838991941734,39
2312,37,1200.0,48.11148242206379,38
2312,37,1500.0,54.573902009296965,37
2312,37,1800.0,64.52890182285529,36
2312,37,2100.0,76.02470595737543,35
2312,37,2400.0,84.7324339117973,34
2315,36,300.0,16.712320470409885,19
2315,36,600.0,31.40828933474025,18
2315,36,900.0,43.422462828782365,17
2315,36,1200.0,55.858688432341516,16
2315,36,1500.0,74.58914190476816,15
2315,36,1800.0,98.42933330389242,14
2315,36,2100.0,112.18642158984557,13
2315,36,2400.0,118.39088879238305,12
2318,72,300.0,15.033511921312007,13
2318,72,600.0,32.16675943530575,12
2318,72,900.0,57.10697129010403,11
2318,72,1200.0,80.77901036865558,10
2318,72,1500.0,96.96007473434318,9
2318,72,1800.0,108.17616820571607,8
2318,72,2100.0,110.48192021459127,7
2318,72,2400.0,114.55782745318947,6
2321,37,300.0,12.939682979417318,17
2321,37,600.0,22.866491874682502,16
2321,37,900.0,31.490994769541416,15
2321,37,1200.0,40.39903093336428,14
2321,37,1500.0,43.17611588581432,13
2321,37,1800.0,50.207557517626604,12
2321,37,2100.0,59.064882435671365,11
2321,37,2400.0,68.30008647458189,10
2324,36,300.0,21.779268442327798,35
2324,36,600.0,50.831254378917386,34
2324,36,900.0,80.35177180476178,33
2324,36,1200.0,110.62568610999493,32
2324,36,1500.0,143.81259779364314,31
2324,36,1800.0,179.3841945618339,30
2324,36,2100.0,215.43657928646275,29
2324,36,2400.0,259.03383272965226,28
2327,36,300.0,14.68341206196771,15
2327,36,600.0,28.646043707952636,14
2327,36,900.0,43.45976459128162,13
2327,36,1200.0,60.28047418088466,12
2327,36,1500.0,73.03539990384503,11
2327,36,1800.0,91.349637687576,10
2327,36,2100.0,102.78390712173353,9
2327,36,2400.0,110.714647062408,8
2330,37,300.0,15.645293397964767,47
2330,37,600.0,31.092984999185557,46
2330,37,900.0,51.25462871560982,45
2330,37,1200.0,70.64359955959155,44
2330,37,1500.0,87.93810343766705,43
2330,37,1800.0,109.18993710026709,42
2330,37,2100.0,126.45032485463963,41
2330,37,2400.0,146.61845069232857,40
2333,37,300.0,10.915949507702088,4
2333,37,600.0,25.0366794356991,3
2333,37,900.0,47.92604704449751,2
2333,37,1200.0,66.14720380733519,1
2336,12,300.0,26.417481664873165,194
2336,12,600.0,51.19915867100711,193
2336,12,900.0,72.9000183784222,192
2336,12,1200.0,94.9561301385718,191
2336,12,1500.0,112.0076531359518,190
2336,12,1800.0,128.31340335014522,189
2336,12,2100.0,149.22366161263213,188
2336,12,2400.0,169.56807140158722,187
2339,23,300.0,19.366461327808736,115
2339,23,600.0,40.547187534251265,114
2339,23,900.0,56.92504254472279,113
2339,23,1200.0,72.15969759307055,112
2339,23,1500.0,92.23154449448016,111
2339,23,1800.0,113.69589313281031,110
2339,23,2100.0,132.47186657160535,109
2339,23,2400.0,152.63361723247837,108
2342,36,300.0,13.683972134531365,46
2342,36,600.0,26.185967450732733,45
2342,36,900.0,36.01678557256432,44
2342,36,1200.0,46.211326828505,43
2342,36,1500.0,60.62930839033707,42
2342,36,1800.0,76.08136665985465,41
2342,36,2100.0,86.9330646507837,40
2342,36,2400.0,99.64150263792911,39
2346,23,300.0,12.137052658840883,10
2346,23,600.0,37.288502202703135,9
2346,23,900.0,72.41193862470125,8
2346,23,1200.0,106.8545025206283,7
2346,23,1500.0,126.49145083197892,6
2346,23,1800.0,120.65892764743076,5
2346,23,2100.0,108.70803016282068,4
2346,23,2400.0,121.01969225629615,3
2351,23,300.0,21.50473554265728,13
2351,23,600.0,45.836645529895826,12
2351,23,900.0,59.86613533132516,11
2351,23,1200.0,81.73804741071764,10
2351,23,1500.0,113.18280858938721,9
2351,23,1800.0,118.42442918269343,8
2351,23,2100.0,121.70307952177836,7
2351,23,2400.0,137.90660977278912,6
2354,72,300.0,9.769712155383647,113
2354,72,600.0,18.93863612424684,112
2354,72,900.0,29.55095498227449,111
2354,72,1200.0,39.952293875067085,110
2354,72,1500.0,50.06619654157307,109
2354,72,1800.0,59.49931752045994,108
2354,72,2100.0,70.02792106452341,107
2354,72,2400.0,77.92495742653342,106
2357,37,300.0,16.07251618372924,61
2357,37,600.0,32.23378966625078,60
2357,37,900.0,46.62718181894598,59
2357,37,1200.0,64.36791728283923,58
2357,37,1500.0,85.55900180188904,57
2357,37,1800.0,108.02847467322667,56
2357,37,2100.0,132.91679480021602,55
2357,37,2400.0,162.6936913577538,54
2358,72,300.0,12.671267863839681,9
2358,72,600.0,24.226808362939927,8
2358,72,900.0,37.4135773149066,7
2358,72,1200.0,59.881466460386584,6
2358,72,1500.0,68.59154607001396,5
2358,72,1800.0,94.58514207864806,4
2358,72,2100.0,127.36648852390255,3
2358,72,2400.0,175.68178990736027,2
2359,23,300.0,16.521983736816782,14
2359,23,600.0,28.501285562683726,13
2359,23,900.0,40.66145608485706,12
2359,23,1200.0,55.06457597591718,11
2359,23,1500.0,69.8404646197047,10
2359,23,1800.0,95.13281078913381,9
2359,23,2100.0,127.47523648528535,8
2359,23,2400.0,169.64870345672122,7
2362,109,300.0,9.902147481276044,23
2362,109,600.0,15.568996167552381,22
2362,109,900.0,22.53281747465298,21
2362,109,1200.0,31.295545558925518,20
2362,109,1500.0,36.59417935832315,19
2362,109,1800.0,45.38764688777616,18
2362,109,2100.0,52.45084374883226,17
2362,109,2400.0,65.18154453805536,16
2365,109,300.0,5.87420711297078,6
2365,109,600.0,13.454140892660496,5
2365,109,900.0,21.91825149071331,4
2365,109,1200.0,34.35619176051622,3
2365,109,1500.0,57.66353378329095,2
2365,109,1800.0,93.13883525613507,1
2368,36,300.0,16.194506642761922,69
2368,36,600.0,33.39964676618193,68
2368,36,900.0,48.91739916126772,67
2368,36,1200.0,65.81853077382951,66
2368,36,1500.0,80.770824691258,65
2368,36,1800.0,97.91609003736241,64
2368,36,2100.0,116.35596568788067,63
2368,36,2400.0,132.57311413665178,62
2369,23,300.0,17.94735557810232,37
2369,23,600.0,38.8607162128758,36
2369,23,900.0,59.76572529588931,35
2369,23,1200.0,79.96754659138942,34
2369,23,1500.0,102.81423500397237,33
2369,23,1800.0,133.28682019308263,32
2369,23,2100.0,160.4761115528997,31
2369,23,2400.0,189.1528137294281,30
2370,109,300.0,8.86184705635237,25
2370,109,600.0,20.149054567523184,24
2370,109,900.0,28.54739631232642,23
2370,109,1200.0,34.598067453579795,22
2370,109,1500.0,38.494166015368975,21
2370,109,1800.0,36.14152160239465,20
2370,109,2100.0,34.002370347567144,19
2370,109,2400.0,36.109178217362114,18
2373,12,300.0,25.828322968352047,105
2373,12,600.0,52.25196623981354,104
2373,12,900.0,78.46319313285063,103
2373,12,1200.0,107.9586948250868,102
2373,12,1500.0,138.46479012278854,101
2373,12,1800.0,167.95662812803286,100
2373,12,2100.0,196.26778628925456,99
2373,12,2400.0,217.6659443735919,98
2376,109,300.0,11.290677920047555,9
2376,109,600.0,24.940540980969086,8
2376,109,900.0,39.464615436221045,7
2376,109,1200.0,49.70355345080902,6
2376,109,1500.0,61.5088480073998,5
2376,109,1800.0,72.9238181889174,4
2376,109,2100.0,87.03468238646703,3
2376,109,2400.0,126.08831335474733,2
2379,12,300.0,29.222790688623625,30
2379,12,600.0,68.25618715769441,29
2379,12,900.0,106.77096496617563,28
2379,12,1200.0,152.31056523120807,27
2379,12,1500.0,185.67273819846065,26
2379,12,1800.0,220.7193749270125,25
2379,12,2100.0,257.9063326612493,24
2379,12,2400.0,306.90770148152944,23
2380,59,300.0,12.27506280323533,55
2380,59,600.0,25.149493607418524,54
2380,59,900.0,37.41318913603485,53
2380,59,1200.0,47.978455676736694,52
2380,59,1500.0,56.40413440978873,51
2380,59,1800.0,67.69194618173127,50
2380,59,2100.0,77.58814340381991,49
2380,59,2400.0,88.3973636634106,48
2385,12,300.0,18.55729075006754,4
2385,12,600.0,8.312331407668529,3
2385,12,900.0,18.43649682226614,2
2385,12,1200.0,31.829016629908043,1
2388,109,300.0,8.046139817855607,31
2388,109,600.0,16.329684275261076,30
2388,109,900.0,26.883603840312784,29
2388,109,1200.0,38.70858440453055,28
2388,109,1500.0,51.675431052820294,27
2388,109,1800.0,65.30157758921546,26
2388,109,2100.0,75.6664255827718,25
2388,109,2400.0,88.61479799548215,24
2391,59,300.0,12.783192716472598,16
2391,59,600.0,30.15879054876268,15
2391,59,900.0,37.785410838383775,14
2391,59,1200.0,42.70646173328061,13
2391,59,1500.0,51.75294670297117,12
2391,59,1800.0,70.4553438914795,11
2391,59,2100.0,82.89055825779636,10
2391,59,2400.0,73.39446059376708,9
2394,109,300.0,8.432681678527748,15
2394,109,600.0,17.18215252018251,14
2394,109,900.0,22.83020781394449,13
2394,109,1200.0,28.91973940433553,12
2394,109,1500.0,33.83459944842693,11
2394,109,1800.0,41.16367294358811,10
2394,109,2100.0,45.818475309415724,9
2394,109,2400.0,52.27653316285039,8
2397,59,300.0,15.662598315016252,21
2397,59,600.0,31.08402144470574,20
2397,59,900.0,40.86136378282124,19
2397,59,1200.0,51.9814375632296,18
2397,59,1500.0,66.65074117271796,17
2397,59,1800.0,75.95523191777494,16
2397,59,2100.0,81.10235338688427,15
2397,59,2400.0,92.97357921227481,14
2400,12,300.0,30.918281476561976,40
2400,12,600.0,63.101647087001005,39
2400,12,900.0,99.43404243873,38
2400,12,1200.0,130.9848872557218,37
2400,12,1500.0,152.96070212561048,36
2400,12,1800.0,169.2332324240665,35
2400,12,2100.0,176.59172513177333,34
2400,12,2400.0,182.2686122467522,33
2401,109,300.0,7.943418355119397,21
2401,109,600.0,16.05187128112257,20
2401,109,900.0,25.009679699334097,19
2401,109,1200.0,36.81928502529425,18
2401,109,1500.0,47.49887754208821,17
2401,109,1800.0,53.07650037976882,16
2401,109,2100.0,57.29790524838698,15
2401,109,2400.0,66.34974733533453,14
2406,109,300.0,11.042929736612159,16
2406,109,600.0,23.396593635357767,15
2406,109,900.0,35.0723709309274,14
2406,109,1200.0,44.89645700526136,13
2406,109,1500.0,54.4737134019854,12
2406,109,1800.0,69.96297885449978,11
2406,109,2100.0,90.97368862064994,10
2406,109,2400.0,110.67625417725138,9
2409,59,300.0,8.832680348578801,28
2409,59,600.0,19.385183936095135,27
2409,59,900.0,29.886810243119612,26
2409,59,1200.0,43.022491155294794,25
2409,59,1500.0,54.95810716007052,24
2409,59,1800.0,70.83047571992931,23
2409,59,2100.0,85.79125000831255,22
2409,59,2400.0,99.76742657766755,21
2412,12,300.0,25.728952833766435,28
2412,12,600.0,53.99913075530646,27
2412,12,900.0,79.67776688217447,26
2412,12,1200.0,102.26889998087208,25
2412,12,1500.0,126.35558361312194,24
2412,12,1800.0,161.9556498714052,23
2412,12,2100.0,194.89460457555208,22
2412,12,2400.0,228.16654159206908,21
2415,59,300.0,12.814555269437786,14
2415,59,600.0,25.765572947222203,13
2415,59,900.0,41.61926725771776,12
2415,59,1200.0,62.27941437171678,11
2415,59,1500.0,85.55180083161531,10
2415,59,1800.0,117.96287786645449,9
2415,59,2100.0,146.04846874914156,8
2415,59,2400.0,187.50081403734586,7
2418,109,300.0,8.429353201262323,44
2418,109,600.0,17.31413683836977,43
2418,109,900.0,25.86116715375737,42
2418,109,1200.0,34.49958774880655,41
2418,109,1500.0,48.53850700678977,40
2418,109,1800.0,64.6821310077401,39
2418,109,2100.0,82.41978754553917,38
2418,109,2400.0,102.03703962362601,37
2421,59,300.0,13.239339803694843,30
2421,59,600.0,25.630440965192356,29
2421,59,900.0,40.38273045818881,28
2421,59,1200.0,50.52153107723334,27
2421,59,1500.0,57.16387267628943,26
2421,59,1800.0,64.00786072295685,25
2421,59,2100.0,69.33999125771733,24
2421,59,2400.0,77.84205789922727,23
2424,59,300.0,11.391731518822848,2
2424,59,600.0,17.969564865390396,1
2427,12,300.0,28.348343484662006,85
2427,12,600.0,53.21804479096975,84
2427,12,900.0,81.6480224554971,83
2427,12,1200.0,108.95144166997555,82
2427,12,1500.0,140.2894255515698,81
2427,12,1800.0,167.5706458128947,80
2427,12,2100.0,197.6337766791819,79
2427,12,2400.0,224.56890698896584,78
2430,109,300.0,11.975687696964533,55
2430,109,600.0,25.362448719163066,54
2430,109,900.0,36.54983501381663,53
2430,109,1200.0,47.85393867885659,52
2430,109,1500.0,61.6734366991656,51
2430,109,1800.0,75.0549552964642,50
2430,109,2100.0,91.51113506663549,49
2430,109,2400.0,109.92881239866345,48
2433,109,300.0,9.322769852554895,4
2433,109,600.0,21.426412479970878,3
2433,109,900.0,38.01158867238131,2
2433,109,1200.0,33.52666245993865,1
2440,12,300.0,16.525286131349798,15
2440,12,600.0,36.01282410862308,14
2440,12,900.0,46.654269255645104,13
2440,12,1200.0,60.90859388036349,12
2440,12,1500.0,82.44582069968085,11
2440,12,1800.0,111.09319219143353,10
2440,12,2100.0,126.94627264311299,9
2440,12,2400.0,140.5255427754563,8
2443,59,300.0,11.919052821915798,58
2443,59,600.0,23.988691869350298,57
2443,59,900.0,35.314585088375395,56
2443,59,1200.0,45.5913124599014,55
2443,59,1500.0,56.825669921268684,54
2443,59,1800.0,67.53791531377585,53
2443,59,2100.0,77.0371384654973,52
2443,59,2400.0,91.82288791820407,51
2446,59,300.0,11.436583648206193,11
2446,59,600.0,25.191602228356267,10
2446,59,900.0,34.12618257653029,9
2446,59,1200.0,40.28061344978097,8
2446,59,1500.0,42.64237266626666,7
2446,59,1800.0,37.83268782066106,6
2446,59,2100.0,27.710684596144553,5
2446,59,2400.0,23.871009511023615,4
2449,59,300.0,13.553763017527597,32
2449,59,600.0,28.462459309186933,31
2449,59,900.0,41.50320218464112,30
2449,59,1200.0,56.38458982029193,29
2449,59,1500.0,68.37621947443925,28
2449,59,1800.0,84.77728148880097,27
2449,59,2100.0,104.8056938841951,26
2449,59,2400.0,123.82360533830983,25
2452,109,300.0,10.507614335392812,84
2452,109,600.0,19.854962086875712,83
2452,109,900.0,27.16649159028468,82
2452,109,1200.0,36.39286671714395,81
2452,109,1500.0,46.31885752115632,80
2452,109,1800.0,57.04647332460211,79
2452,109,2100.0,67.8211071515145,78
2452,109,2400.0,76.98543347282546,77
2455,109,300.0,15.638329922138897,7
2455,109,600.0,34.105423073505925,6
2455,109,900.0,49.325808042007445,5
2455,109,1200.0,51.242685016520795,4
2455,109,1500.0,42.63653113698957,3
2455,109,1800.0,29.08565385543349,2
2455,109,2100.0,32.39127198462161,1
2460,59,300.0,11.599195357269714,44
2460,59,600.0,24.283087745008086,43
2460,59,900.0,39.05469456090549,42
2460,59,1200.0,55.63425606890914,41
2460,59,1500.0,75.07539245121991,40
2460,59,1800.0,95.81428422796277,39
2460,59,2100.0,119.94029010394101,38
2460,59,2400.0,140.4839310567577,37
2463,12,300.0,25.24357948351381,96
2463,12,600.0,48.013425732449235,95
2463,12,900.0,73.29540323396249,94
2463,12,1200.0,100.79196850946808,93
2463,12,1500.0,130.69771780374168,92
2463,12,1800.0,158.67146298461776,91
2463,12,2100.0,189.30835823335434,90
2463,12,2400.0,216.27689789254407,89
2466,109,300.0,11.274974441292073,9
2466,109,600.0,19.33192979879486,8
2466,109,900.0,25.42017741924713,7
2466,109,1200.0,29.290700257562715,6
2466,109,1500.0,42.92443201258938,5
2466,109,1800.0,49.266282609997695,4
2466,109,2100.0,45.169692266775435,3
2466,109,2400.0,46.70841742981085,2
2469,12,300.0,30.144214589364765,4
2469,12,600.0,42.32432109838114,3
2469,12,900.0,18.634219873253425,2
2469,12,1200.0,43.26404867371343,1
2472,59,300.0,12.93750584413038,29
2472,59,600.0,32.32801128187234,28
2472,59,900.0,52.40036619899082,27
2472,59,1200.0,69.25553942732232,26
2472,59,1500.0,78.13420147619486,25
2472,59,1800.0,82.1448424995669,24
2472,59,2100.0,82.21890064616136,23
2472,59,2400.0,87.49509067962664,22
2475,59,300.0,14.129480917600773,17
2475,59,600.0,22.634450660994737,16
2475,59,900.0,31.301391783641147,15
2475,59,1200.0,43.838294267168344,14
2475,59,1500.0,50.62598210051017,13
2475,59,1800.0,55.97604516252602,12
2475,59,2100.0,68.18401427246125,11
2475,59,2400.0,66.93338432458899,10
2478,109,300.0,8.07363682208175,46
2478,109,600.0,15.059307329434509,45
2478,109,900.0,20.86686752644904,44
2478,109,1200.0,26.978633415718217,43
2478,109,1500.0,32.89585666146403,42
2478,109,1800.0,38.245152979034245,41
2478,109,2100.0,44.384102506931455,40
2478,109,2400.0,52.90435879421755,39
2481,109,300.0,8.121428897664547,1
2484,59,300.0,9.802413155151733,19
2484,59,600.0,18.987150055536546,18
2484,59,900.0,27.137828415553983,17
2484,59,1200.0,36.29953348433384,16
2484,59,1500.0,43.89557929638743,15
2484,59,1800.0,52.86613644232955,14
2484,59,2100.0,62.523240988437806,13
2484,59,2400.0,64.95636557096263,12
2487,109,300.0,8.899094274415319,26
2487,109,600.0,12.641501386934774,25
2487,109,900.0,15.58396964316025,24
2487,109,1200.0,17.70339834615584,23
2487,109,1500.0,22.267303694984296,22
2487,109,1800.0,24.62700981989884,21
2487,109,2100.0,27.947457483249167,20
2487,109,2400.0,30.03572263291884,19
2493,109,300.0,4.313134731773132,4
2493,109,600.0,14.041514533928384,3
2493,109,900.0,24.969763958878687,2
2493,109,1200.0,20.344649288048483,1
2496,59,300.0,13.581206025968024,36
2496,59,600.0,22.397049980579528,35
2496,59,900.0,33.32614448320111,34
2496,59,1200.0,44.034437977325155,33
2496,59,1500.0,56.30573213298587,32
2496,59,1800.0,70.04216549915002,31
2496,59,2100.0,81.7788325411741,30
2496,59,2400.0,92.35307267776713,29
2499,109,300.0,9.52454999386925,18
2499,109,600.0,16.710944012808103,17
2499,109,900.0,24.77731144644186,16
2499,109,1200.0,34.25792743786834,15
2499,109,1500.0,38.07387366362048,14
2499,109,1800.0,42.18094789992371,13
2499,109,2100.0,43.97403574375998,12
2499,109,2400.0,51.54825194367831,11
2502,12,300.0,28.801341671794148,107
2502,12,600.0,54.3533104602972,106
2502,12,900.0,84.96313346134129,105
2502,12,1200.0,112.81069515843669,104
2502,12,1500.0,141.59215826602008,103
2502,12,1800.0,169.31325315094543,102
2502,12,2100.0,197.5578313932868,101
2502,12,2400.0,221.31145960804264,100
2505,59,300.0,13.02415575594695,10
2505,59,600.0,26.05633630276025,9
2505,59,900.0,36.74604012784836,8
2505,59,1200.0,40.00293758398295,7
2505,59,1500.0,42.1776846925544,6
2505,59,1800.0,56.3667510639173,5
2505,59,2100.0,74.85959955937378,4
2505,59,2400.0,106.55229320160464,3
2508,109,300.0,7.961731195199248,17
2508,109,600.0,12.260059897019666,16
2508,109,900.0,17.23038721580698,15
2508,109,1200.0,20.633464619521767,14
2508,109,1500.0,26.086955965514736,13
2508,109,1800.0,30.108830366912283,12
2508,109,2100.0,31.029337621200145,11
2508,109,2400.0,28.874158164764474,10
2511,12,300.0,24.525855920718016,20
2511,12,600.0,57.72979423814106,19
2511,12,900.0,84.22102702985094,18
2511,12,1200.0,96.72278240166749,17
2511,12,1500.0,101.77529312264767,16
2511,12,1800.0,110.50492788262628,15
2511,12,2100.0,125.55479719203923,14
2511,12,2400.0,139.70028623192044,13
2514,59,300.0,11.23634506572532,29
2514,59,600.0,17.168025480598164,28
2514,59,900.0,22.6514758355771,27
2514,59,1200.0,30.562006931327705,26
2514,59,1500.0,35.90062560349815,25
2514,59,1800.0,43.65181431550815,24
2514,59,2100.0,50.40316157763277,23
2514,59,2400.0,59.76222895730778,22
2517,59,300.0,12.468047619709004,11
2517,59,600.0,20.40505983713617,10
2517,59,900.0,30.754341655550572,9
2517,59,1200.0,49.57338296640066,8
2517,59,1500.0,59.269225377924236,7
2517,59,1800.0,65.86908137134824,6
2517,59,2100.0,74.65738111298229,5
2517,59,2400.0,70.92462649576194,4
2523,12,300.0,30.307055498004072,35
2523,12,600.0,67.57054082674978,34
2523,12,900.0,105.76128762392433,33
2523,12,1200.0,161.01691597269635,32
2523,12,1500.0,215.57005270825698,31
2523,12,1800.0,267.73674835121335,30
2523,12,2100.0,326.24413216507185,29
2523,12,2400.0,377.0402148669208,28
2526,59,300.0,7.681895703525222,16
2526,59,600.0,17.73568704889248,15
2526,59,900.0,27.13141298122149,14
2526,59,1200.0,37.49631084129704,13
2526,59,1500.0,50.00766408811836,12
2526,59,1800.0,66.61054328403287,11
2526,59,2100.0,87.8139905816732,10
2526,59,2400.0,107.66301260559817,9
2529,109,300.0,7.774707504271138,59
2529,109,600.0,16.063952647600303,58
2529,109,900.0,23.322232459186512,57
2529,109,1200.0,31.16645300729079,56
2529,109,1500.0,39.94294106853717,55
2529,109,1800.0,49.43509852416925,54
2529,109,2100.0,56.07789550136701,53
2529,109,2400.0,62.636808941036506,52
2532,59,300.0,7.796594168450487,24
2532,59,600.0,17.97882949842195,23
2532,59,900.0,26.873751769078286,22
2532,59,1200.0,36.97545385289281,21
2532,59,1500.0,49.81128883026956,20
2532,59,1800.0,64.25444770438045,19
2532,59,2100.0,81.92309693963824,18
2532,59,2400.0,103.75646845315825,17
2535,12,300.0,26.626520793645224,60
2535,12,600.0,49.15968355028716,59
2535,12,900.0,80.63060184997624,58
2535,12,1200.0,109.57383623565701,57
2535,12,1500.0,135.90066419310244,56
2535,12,1800.0,153.510743934297,55
2535,12,2100.0,166.95670955750336,54
2535,12,2400.0,181.81199141016262,53
2538,59,300.0,12.32855599880895,44
2538,59,600.0,25.65086577063612,43
2538,59,900.0,39.139883076600825,42
2538,59,1200.0,53.782524791395865,41
2538,59,1500.0,65.14736407090894,40
2538,59,1800.0,79.30152003089076,39
2538,59,2100.0,95.43384059812679,38
2538,59,2400.0,110.77007040886922,37
2541,59,300.0,15.035207308229708,12
2541,59,600.0,25.972636199462702,11
2541,59,900.0,33.00940547720433,10
2541,59,1200.0,33.369958845181046,9
2541,59,1500.0,36.15707605365583,8
2541,59,1800.0,55.88612681904049,7
2541,59,2100.0,73.40906142920564,6
2541,59,2400.0,75.86202443192903,5
2544,109,300.0,8.868379742964443,88
2544,109,600.0,18.49743815628399,87
2544,109,900.0,26.986620052352453,86
2544,109,1200.0,36.03180357261881,85
2544,109,1500.0,46.869534044209594,84
2544,109,1800.0,57.63298709072343,83
2544,109,2100.0,68.3878367255023,82
2544,109,2400.0,81.91055864294766,81
2550,59,300.0,12.58025094049723,22
2550,59,600.0,34.06851580519687,21
2550,59,900.0,57.776457227894625,20
2550,59,1200.0,83.59716862340322,19
2550,59,1500.0,111.52716472543624,18
2550,59,1800.0,142.17943690946666,17
2550,59,2100.0,179.7835865211725,16
2550,59,2400.0,223.19358568440668,15
2553,59,300.0,8.635817882255644,9
2553,59,600.0,16.88162199823064,8
2553,59,900.0,24.23552144506466,7
2553,59,1200.0,29.741447737189976,6
2553,59,1500.0,30.461733254650973,5
2553,59,1800.0,37.76486527217131,4
2553,59,2100.0,33.24417105432676,3
2553,59,2400.0,38.81342745895887,2
2556,59,300.0,9.056602069563814,5
2556,59,600.0,18.826579824573763,4
2556,59,900.0,23.719831284678847,3
2556,59,1200.0,31.749210031975714,2
2556,59,1500.0,68.29630685814739,1
2559,109,300.0,9.258432857545074,28
2559,109,600.0,19.6715662651522,27
2559,109,900.0,27.945411413144974,26
2559,109,1200.0,35.60532572710164,25
2559,109,1500.0,43.63685723936377,24
2559,109,1800.0,48.71477929062781,23
2559,109,2100.0,54.96602781346039,22
2559,109,2400.0,59.418621384628125,21
2560,59,300.0,2.9765280796678826,1
2561,12,300.0,25.27625394464116,78
2561,12,600.0,52.24147242157908,77
2561,12,900.0,81.38777550332598,76
2561,12,1200.0,106.40220983066712,75
2561,12,1500.0,128.27720991391743,74
2561,12,1800.0,153.73385770195185,73
2561,12,2100.0,181.51397766291586,72
2561,12,2400.0,212.23729197561286,71
2564,168,300.0,7.862188019465511,7
2564,168,600.0,19.030592494508642,6
2564,168,900.0,34.20823419585339,5
2564,168,1200.0,47.67895995133791,4
2564,168,1500.0,47.07307208831809,3
2564,168,1800.0,46.08103659628314,2
2564,168,2100.0,44.16711138924016,1
2567,12,300.0,22.245703513814107,12
2567,12,600.0,59.35518399090346,11
2567,12,900.0,115.49084751933269,10
2567,12,1200.0,172.74293297612195,9
2567,12,1500.0,232.61349277118896,8
2567,12,1800.0,298.8922555511748,7
2567,12,2100.0,361.70753511988414,6
2567,12,2400.0,389.81304291973277,5
2570,168,300.0,7.489727348719788,46
2570,168,600.0,15.429664091899918,45
2570,168,900.0,23.56140933528439,44
2570,168,1200.0,29.237464318951588,43
2570,168,1500.0,35.16350551695533,42
2570,168,1800.0,39.40629623399912,41
2570,168,2100.0,44.37070374148241,40
2570,168,2400.0,50.06543406107765,39
2573,12,300.0,25.372503267113277,67
2573,12,600.0,59.441740732164874,66
2573,12,900.0,83.98503491609516,65
2573,12,1200.0,96.14291919526514,64
2573,12,1500.0,107.9090363565463,63
2573,12,1800.0,119.46380323157953,62
2573,12,2100.0,134.58622854605937,61
2573,12,2400.0,149.05123058648996,60
2576,12,300.0,18.07983159553622,2
2576,12,600.0,71.76670609836917,1
2579,168,300.0,6.242015991597016,43
2579,168,600.0,13.476355489658932,42
2579,168,900.0,20.286656115910123,41
2579,168,1200.0,25.53615371983535,40
2579,168,1500.0,30.343656806997668,39
2579,168,1800.0,34.505681038216856,38
2579,168,2100.0,39.38863285278073,37
2579,168,2400.0,43.27315603862656,36
2582,12,300.0,15.836292460813088,25
2582,12,600.0,35.988369634567185,24
2582,12,900.0,63.32077315796391,23
2582,12,1200.0,96.4869576818337,22
2582,12,1500.0,134.47284134427545,21
2582,12,1800.0,179.26017859611488,20
2582,12,2100.0,221.55780222213247,19
2582,12,2400.0,280.6547865647422,18
2585,168,300.0,6.824391989950786,19
2585,168,600.0,14.936428731044995,18
2585,168,900.0,20.736062837541063,17
2585,168,1200.0,25.06210228302183,16
2585,168,1500.0,27.968676914502968,15
2585,168,1800.0,34.25890201135132,14
2585,168,2100.0,47.99973739069845,13
2585,168,2400.0,65.35297532544597,12
2586,12,300.0,34.406221228897074,3
2586,12,600.0,48.84734287861427,2
2586,12,900.0,24.606793749830935,1
2587,180,300.0,6.339875176819026,39
2587,180,600.0,13.13937793336604,38
2587,180,900.0,18.690587959436233,37
2587,180,1200.0,21.74447290548229,36
2587,180,1500.0,25.918989016141868,35
2587,180,1800.0,30.54093077852246,34
2587,180,2100.0,34.40858159075405,33
2587,180,2400.0,38.12762019039039,32
2591,180,300.0,0.17698962603560967,1
2594,180,300.0,7.907572621086918,14
2594,180,600.0,15.140906473914546,13
2594,180,900.0,20.91909205874743,12
2594,180,1200.0,28.136867273515076,11
2594,180,1500.0,39.535193828652034,10
2594,180,1800.0,54.70854476995707,9
2594,180,2100.0,68.0260982088103,8
2594,180,2400.0,87.33069594931847,7
2597,180,300.0,6.895594511593861,13
2597,180,600.0,18.926213305966886,12
2597,180,900.0,31.994474944786415,11
2597,180,1200.0,44.928973568701466,10
2597,180,1500.0,56.24246676033091,9
2597,180,1800.0,68.50804714822854,8
2597,180,2100.0,74.16790322703699,7
2597,180,2400.0,72.43413189231866,6
2602,180,300.0,6.39689774246761,15
2602,180,600.0,12.921385224569764,14
2602,180,900.0,16.79540086529703,13
2602,180,1200.0,26.114342080903096,12
2602,180,1500.0,39.02394635781436,11
2602,180,1800.0,45.04462492496735,10
2602,180,2100.0,49.44747481701227,9
2602,180,2400.0,57.014532510171534,8
2608,180,300.0,6.6713224498675725,47
2608,180,600.0,11.537235147115405,46
2608,180,900.0,15.81773182157407,45
2608,180,1200.0,19.107399448280844,44
2608,180,1500.0,21.47411286278428,43
2608,180,1800.0,22.946755036616327,42
2608,180,2100.0,24.521029321421917,41
2608,180,2400.0,27.363804386921693,40
2611,180,300.0,7.170647353963802,146
2611,180,600.0,14.771182192816434,145
2611,180,900.0,21.92422786410055,144
2611,180,1200.0,29.231897665408347,143
2611,180,1500.0,36.60703575848868,142
2611,180,1800.0,44.165202803966,141
2611,180,2100.0,50.69754264524622,140
2611,180,2400.0,56.418653639728625,139
2616,180,300.0,6.503050517602503,52
2616,180,600.0,14.633425237344243,51
2616,180,900.0,23.96850922396459,50
2616,180,1200.0,32.820667233445604,49
2616,180,1500.0,40.75737256913543,48
2616,180,1800.0,50.74412767589991,47
2616,180,2100.0,60.33130486208711,46
2616,180,2400.0,70.15750504686221,45
2619,180,300.0,1.5644383676202005,1
2622,180,300.0,7.686713676901895,47
2622,180,600.0,15.638734236145758,46
2622,180,900.0,26.141740615211184,45
2622,180,1200.0,34.98191432375534,44
2622,180,1500.0,45.072706809026506,43
2622,180,1800.0,55.886697653231174,42
2622,180,2100.0,65.932609806402,41
2622,180,2400.0,75.14628795441772,40
2625,180,300.0,5.602402815733073,7
2625,180,600.0,12.703838305516962,6
2625,180,900.0,18.45187226835436,5
2625,180,1200.0,29.489203925076247,4
2625,180,1500.0,36.829664916743994,3
2625,180,1800.0,31.350483828768844,2
2625,180,2100.0,42.38486029315868,1
2628,180,300.0,5.664192328100652,16
2628,180,600.0,10.053366703528825,15
2628,180,900.0,12.24056232669005,14
2628,180,1200.0,14.695003959658827,13
2628,180,1500.0,15.829816321372249,12
2628,180,1800.0,18.17687280638177,11
2628,180,2100.0,20.584979703466185,10
2628,180,2400.0,18.807841596218182,9
2631,180,300.0,7.599567038448873,69
2631,180,600.0,14.874362409363028,68
2631,180,900.0,22.07150344687341,67
2631,180,1200.0,28.777109697881126,66
2631,180,1500.0,35.79312766241909,65
2631,180,1800.0,42.34542964936486,64
2631,180,2100.0,47.78337078123763,63
2631,180,2400.0,54.37528194904914,62
2634,180,300.0,7.007360015948124,129
2634,180,600.0,14.791027312275602,128
2634,180,900.0,23.936016297978025,127
2634,180,1200.0,32.62182838367971,126
2634,180,1500.0,41.76791567632169,125
2634,180,1800.0,51.40052209742783,124
2634,180,2100.0,61.115497872821905,123
2634,180,2400.0,72.11080758834413,122
2637,180,300.0,7.425789492918227,40
2637,180,600.0,14.141691938962985,39
2637,180,900.0,21.950671628496206,38
2637,180,1200.0,29.98992360809363,37
2637,180,1500.0,38.191137334149694,36
2637,180,1800.0,46.86116828289812,35
2637,180,2100.0,52.158006195561946,34
2637,180,2400.0,56.89715422544213,33
2640,180,300.0,7.265544964719835,25
2640,180,600.0,15.902766475547864,24
2640,180,900.0,22.094951897341076,23
2640,180,1200.0,24.075207199095164,22
2640,180,1500.0,24.361491800364394,21
2640,180,1800.0,26.21169486796394,20
2640,180,2100.0,27.54900934970755,19
2640,180,2400.0,28.19356077081871,18
2643,180,300.0,11.737395921956404,2
2643,180,600.0,22.24005378501447,1
2646,180,300.0,6.321078754207708,35
2646,180,600.0,12.639995637187747,34
2646,180,900.0,20.333945497786605,33
2646,180,1200.0,29.418406598126175,32
2646,180,1500.0,39.58012467355484,31
2646,180,1800.0,47.801243836390846,30
2646,180,2100.0,57.52866718549829,29
2646,180,2400.0,67.41154170366788,28
2649,180,300.0,5.295772304020526,3
2649,180,600.0,9.601292297451977,2
2649,180,900.0,17.819832593077784,1
2652,180,300.0,8.60351146861098,87
2652,180,600.0,18.161441231236935,86
2652,180,900.0,30.023602168864016,85
2652,180,1200.0,41.29192260273343,84
2652,180,1500.0,52.7075769349626,83
2652,180,1800.0,62.685282502203734,82
2652,180,2100.0,72.4561283873851,81
2652,180,2400.0,81.02669335235426,80
2655,180,300.0,6.222259552038539,37
2655,180,600.0,12.766131472251883,36
2655,180,900.0,21.240749483039526,35
2655,180,1200.0,29.584950811014384,34
2655,180,1500.0,37.02333005015392,33
2655,180,1800.0,44.8523225874234,32
2655,180,2100.0,49.490899159350235,31
2655,180,2400.0,52.83037132866063,30
2658,180,300.0,6.8264686936031955,31
2658,180,600.0,12.4422535887476,30
2658,180,900.0,18.827393486260302,29
2658,180,1200.0,26.121216006033162,28
2658,180,1500.0,29.76587745047357,27
2658,180,1800.0,33.183132487152506,26
2658,180,2100.0,37.69165745792723,25
2658,180,2400.0,41.81680039483635,24
2661,180,300.0,6.752897721852199,133
2661,180,600.0,14.139220996314386,132
2661,180,900.0,21.670592588857,131
2661,180,1200.0,29.566001995772705,130
2661,180,1500.0,37.416785020858285,129
2661,180,1800.0,46.05034211623198,128
2661,180,2100.0,54.539447003394145,127
2661,180,2400.0,62.27938551879148,126
2664,180,300.0,8.924567803945148,31
2664,180,600.0,18.939800153650918,30
2664,180,900.0,25.900548357242013,29
2664,180,1200.0,34.62384048825599,28
2664,180,1500.0,44.08570938718328,27
2664,180,1800.0,54.79280390674809,26
2664,180,2100.0,69.6627261299937,25
2664,180,2400.0,86.25855976159448,24
2667,180,300.0,5.775289364753288,19
2667,180,600.0,11.31666668344429,18
2667,180,900.0,13.923935797658572,17
2667,180,1200.0,16.780068514316625,16
2667,180,1500.0,20.348081964397085,15
2667,180,1800.0,21.877345743581238,14
2667,180,2100.0,21.335936876293207,13
2667,180,2400.0,22.35582992034367,12
2670,180,300.0,6.535864326164971,16
2670,180,600.0,14.921366563172619,15
2670,180,900.0,20.299509568990235,14
2670,180,1200.0,25.27161146878086,13
2670,180,1500.0,31.31434089556237,12
2670,180,1800.0,36.374022450563096,11
2670,180,2100.0,43.43502555104591,10
2670,180,2400.0,52.9644364637066,9
2673,180,300.0,7.172204056687818,132
2673,180,600.0,14.749229627846796,131
2673,180,900.0,22.742135097084983,130
2673,180,1200.0,31.158276204658563,129
2673,180,1500.0,38.25853926105057,128
2673,180,1800.0,45.85016201666596,127
2673,180,2100.0,52.7204786974038,126
2673,180,2400.0,59.19848982309095,125
2676,180,300.0,7.335378554821228,21
2676,180,600.0,14.044413559693464,20
2676,180,900.0,21.745187891559862,19
2676,180,1200.0,25.139053670813144,18
2676,180,1500.0,29.70678749947787,17
2676,180,1800.0,31.16707945753143,16
2676,180,2100.0,31.423546675983587,15
2676,180,2400.0,30.356641278332265,14
2679,180,300.0,7.278998690829914,213
2679,180,600.0,14.41480546531195,212
2679,180,900.0,21.268157807804027,211
2679,180,1200.0,28.632049462319912,210
2679,180,1500.0,36.123116752686705,209
2679,180,1800.0,44.64505401851307,208
2679,180,2100.0,52.38849895244986,207
2679,180,2400.0,59.867476849289055,206
2682,180,300.0,6.542205791197968,85
2682,180,600.0,13.331464654201056,84
2682,180,900.0,19.352389645739898,83
2682,180,1200.0,26.208662488812635,82
2682,180,1500.0,33.616038543938394,81
2682,180,1800.0,41.18909169733564,80
2682,180,2100.0,48.376269873125366,79
2682,180,2400.0,57.41500848865438,78
2685,180,300.0,6.247079649071281,6
2685,180,600.0,11.09123978670587,5
2685,180,900.0,15.355127055983072,4
2685,180,1200.0,21.063493408147817,3
2685,180,1500.0,29.66096710038103,2
2685,180,1800.0,42.583407940772254,1
2688,180,300.0,7.58596812098133,82
2688,180,600.0,15.407162705090435,81
2688,180,900.0,22.5717156026643,80
2688,180,1200.0,29.161941169563462,79
2688,180,1500.0,36.239825939138505,78
2688,180,1800.0,42.305370750678335,77
2688,180,2100.0,47.96388562679304,76
2688,180,2400.0,54.08477086014205,75
2691,180,300.0,6.380125058638519,6
2691,180,600.0,13.215054871779046,5
2691,180,900.0,14.419813206944564,4
2691,180,1200.0,13.34721828268667,3
2691,180,1500.0,22.70833657472088,2
2691,180,1800.0,28.608156127137754,1
2694,180,300.0,10.737209883232802,16
2694,180,600.0,23.29031105646861,15
2694,180,900.0,29.881323266541692,14
2694,180,1200.0,41.23170465737073,13
2694,180,1500.0,55.94971355305042,12
2694,180,1800.0,60.73558672809872,11
2694,180,2100.0,68.25126376248448,10
2694,180,2400.0,80.18999805246705,9
2697,180,300.0,8.643298669753225,12
2697,180,600.0,22.009059174679923,11
2697,180,900.0,32.4990869455443,10
2697,180,1200.0,44.99166756548967,9
2697,180,1500.0,56.56950048444831,8
2697,180,1800.0,67.41238032164783,7
2697,180,2100.0,80.10943712940599,6
2697,180,2400.0,99.83994057835552,5
2700,180,300.0,7.366247326790031,4
2700,180,600.0,16.261381428996906,3
2700,180,900.0,24.487232572483112,2
2700,180,1200.0,25.72720597795364,1
2703,180,300.0,9.168323452989371,13
2703,180,600.0,16.055256056356434,12
2703,180,900.0,22.62588568630679,11
2703,180,1200.0,29.844724390294612,10
2703,180,1500.0,33.82793190540987,9
2703,180,1800.0,42.18033431151923,8
2703,180,2100.0,46.6322215550455,7
2703,180,2400.0,58.44519139595972,6
2708,180,300.0,6.703282315993927,68
2708,180,600.0,12.2302191984426,67
2708,180,900.0,18.13044106381953,66
2708,180,1200.0,23.655499287941012,65
2708,180,1500.0,29.158773005692147,64
2708,180,1800.0,33.26548697080682,63
2708,180,2100.0,36.96728352915726,62
2708,180,2400.0,40.37493752246413,61
2711,180,300.0,6.154991715334511,80
2711,180,600.0,13.938957316966592,79
2711,180,900.0,21.223991827732096,78
2711,180,1200.0,27.992436603498373,77
2711,180,1500.0,35.66995994509453,76
2711,180,1800.0,43.0600833746653,75
2711,180,2100.0,49.90769856902619,74
2711,180,2400.0,57.12130854238338,73
2714,180,300.0,7.4905705436305,56
2714,180,600.0,15.502886780041544,55
2714,180,900.0,24.363973066945253,54
2714,180,1200.0,32.325838261440545,53
2714,180,1500.0,42.318155873457826,52
2714,180,1800.0,54.49643985124935,51
2714,180,2100.0,66.86113063438783,50
2714,180,2400.0,79.07569490544842,49
2717,180,300.0,6.594186182371592,53
2717,180,600.0,13.934856711051115,52
2717,180,900.0,21.90557386155506,51
2717,180,1200.0,29.387532810947743,50
2717,180,1500.0,36.11754165912217,49
2717,180,1800.0,43.17499639210217,48
2717,180,2100.0,50.40480976433778,47
2717,180,2400.0,57.61510009870521,46
2720,180,300.0,5.973452370684734,44
2720,180,600.0,10.662202151549321,43
2720,180,900.0,15.946877697328846,42
2720,180,1200.0,18.40416835740908,41
2720,180,1500.0,22.506064320585814,40
2720,180,1800.0,24.72446339309655,39
2720,180,2100.0,26.950348141469764,38
2720,180,2400.0,29.29323807805963,37
2723,180,300.0,8.762009055434907,58
2723,180,600.0,17.063608843316448,57
2723,180,900.0,27.701405658570213,56
2723,180,1200.0,39.24749449232816,55
2723,180,1500.0,51.97958930747375,54
2723,180,1800.0,64.9527508898808,53
2723,180,2100.0,78.19065411839708,52
2723,180,2400.0,89.52136084967313,51
2726,180,300.0,9.159335084973701,8
2726,180,600.0,24.567109879990593,7
2726,180,900.0,37.47586814815473,6
2726,180,1200.0,43.489772035914754,5
2726,180,1500.0,44.47419573728217,4
2726,180,1800.0,55.680291872275255,3
2726,180,2100.0,57.571872830699675,2
2726,180,2400.0,78.33352965791741,1
2729,180,300.0,6.8515633195438514,68
2729,180,600.0,12.5466942433,67
2729,180,900.0,18.94969074015285,66
2729,180,1200.0,26.18296730890133,65
2729,180,1500.0,32.384076098821964,64
2729,180,1800.0,39.23903342887035,63
2729,180,2100.0,46.91538433576854,62
2729,180,2400.0,55.03450084233996,61
2732,180,300.0,8.4726457095672,29
2732,180,600.0,15.952394781350122,28
2732,180,900.0,20.770364461908184,27
2732,180,1200.0,23.327911381543974,26
2732,180,1500.0,25.866888122367115,25
2732,180,1800.0,28.51901578645463,24
2732,180,2100.0,33.53707182484102,23
2732,180,2400.0,40.09770405217778,22
2735,180,300.0,7.911547929197225,65
2735,180,600.0,14.480423445532683,64
2735,180,900.0,22.24728589536682,63
2735,180,1200.0,29.85352257292486,62
2735,180,1500.0,36.89419382199538,61
2735,180,1800.0,43.30577679063577,60
2735,180,2100.0,51.49129024239787,59
2735,180,2400.0,59.3757802706761,58
2738,180,300.0,3.19708036658298,2
2738,180,600.0,9.800708824435928,1
2741,180,300.0,6.556977612717971,94
2741,180,600.0,14.432726175072998,93
2741,180,900.0,21.606828645813298,92
2741,180,1200.0,27.922935449031055,91
2741,180,1500.0,32.825483882399055,90
2741,180,1800.0,37.55138946190253,89
2741,180,2100.0,42.21580662273025,88
2741,180,2400.0,45.33608822986827,87
2744,180,300.0,7.07443595385109,50
2744,180,600.0,13.86222596643545,49
2744,180,900.0,20.21369349871461,48
2744,180,1200.0,24.838769327102135,47
2744,180,1500.0,30.612173480099372,46
2744,180,1800.0,38.76139190177998,45
2744,180,2100.0,49.47695836083324,44
2744,180,2400.0,59.85410921776674,43
2747,180,300.0,8.171757822093593,26
2747,180,600.0,16.380686983127003,25
2747,180,900.0,21.13738534617791,24
2747,180,1200.0,26.021978133960843,23
2747,180,1500.0,28.871888072636633,22
2747,180,1800.0,33.43827595315367,21
2747,180,2100.0,41.397164832485956,20
2747,180,2400.0,50.62465537384334,19
2750,180,300.0,5.017036109646652,16
2750,180,600.0,8.502204810511186,15
2750,180,900.0,13.936501186445776,14
2750,180,1200.0,19.789539590006164,13
2750,180,1500.0,23.700156003292232,12
2750,180,1800.0,28.707438988134957,11
2750,180,2100.0,35.38488327573127,10
2750,180,2400.0,38.416277903511364,9
2753,180,300.0,8.22887846258668,67
2753,180,600.0,13.705087775253308,66
2753,180,900.0,20.620822975204504,65
2753,180,1200.0,28.57812613040553,64
2753,180,1500.0,35.68428302387702,63
2753,180,1800.0,42.836080330437845,62
2753,180,2100.0,50.311973175906445,61
2753,180,2400.0,58.51178965543817,60
2759,180,300.0,7.093037425153416,29
2759,180,600.0,14.56571866910811,28
2759,180,900.0,21.87859315365674,27
2759,180,1200.0,31.594258837027933,26
2759,180,1500.0,42.22549140170801,25
2759,180,1800.0,57.001741973032246,24
2759,180,2100.0,76.39117435426047,23
2759,180,2400.0,95.88193076050612,22
2762,180,300.0,6.973671592257772,37
2762,180,600.0,13.595965049531268,36
2762,180,900.0,19.28505705704645,35
2762,180,1200.0,23.32025223182272,34
2762,180,1500.0,26.607700711990123,33
2762,180,1800.0,26.908527368529434,32
2762,180,2100.0,28.730201582419614,31
2762,180,2400.0,31.766237595299447,30
2765,180,300.0,7.360397523661939,94
2765,180,600.0,15.73017161806415,93
2765,180,900.0,23.818414010597497,92
2765,180,1200.0,33.60923352788786,91
2765,180,1500.0,43.80686621443147,90
2765,180,1800.0,54.847211879236916,89
2765,180,2100.0,67.2060052420783,88
2765,180,2400.0,79.7006328015647,87
2768,180,300.0,7.3194835874446,93
2768,180,600.0,13.923842143742638,92
2768,180,900.0,20.843290184416528,91
2768,180,1200.0,28.591402836384876,90
2768,180,1500.0,36.46597810472122,89
2768,180,1800.0,43.6630570238272,88
2768,180,2100.0,50.174008642509676,87
2768,180,2400.0,57.1654431410361,86
2771,180,300.0,7.868519243165019,91
2771,180,600.0,16.999846977549996,90
2771,180,900.0,26.168735892717674,89
2771,180,1200.0,35.90990875876207,88
2771,180,1500.0,44.596039152207425,87
2771,180,1800.0,52.404864458231415,86
2771,180,2100.0,60.356227883244664,85
2771,180,2400.0,68.80309592005027,84
2777,180,300.0,6.320148774723684,29
2777,180,600.0,12.865158714283229,28
2777,180,900.0,19.98602139922961,27
2777,180,1200.0,29.365173624142226,26
2777,180,1500.0,39.040267062373395,25
2777,180,1800.0,49.26636240983632,24
2777,180,2100.0,55.897513329713036,23
2777,180,2400.0,60.894692569137824,22
2780,180,300.0,8.511245467459482,19
2780,180,600.0,14.497402909201092,18
2780,180,900.0,20.413831362011937,17
2780,180,1200.0,31.388294349087662,16
2780,180,1500.0,40.14969781262571,15
2780,180,1800.0,49.16568483368476,14
2780,180,2100.0,60.439119636009764,13
2780,180,2400.0,74.9450545773953,12
2783,180,300.0,7.271318734793559,88
2783,180,600.0,15.02090541031085,87
2783,180,900.0,23.07158847001577,86
2783,180,1200.0,31.081910430863445,85
2783,180,1500.0,39.4873514778026,84
2783,180,1800.0,48.15197335248953,83
2783,180,2100.0,57.52245900782546,82
2783,180,2400.0,68.72838866031867,81
2786,180,300.0,9.82605074683561,33
2786,180,600.0,22.159695809555632,32
2786,180,900.0,33.35877013373245,31
2786,180,1200.0,43.29755308207029,30
2786,180,1500.0,50.67862180864217,29
2786,180,1800.0,55.101952379781494,28
2786,180,2100.0,63.43972113562909,27
2786,180,2400.0,71.80818441388125,26
2789,180,300.0,7.470800977929884,98
2789,180,600.0,14.952445854213437,97
2789,180,900.0,23.940459253948813,96
2789,180,1200.0,33.34704065926334,95
2789,180,1500.0,43.01185985746701,94
2789,180,1800.0,51.92285828197189,93
2789,180,2100.0,58.873205871751686,92
2789,180,2400.0,64.23095266244188,91
2792,180,300.0,5.703642088677315,18
2792,180,600.0,11.584977395812896,17
2792,180,900.0,15.144233230451881,16
2792,180,1200.0,17.96750966538232,15
2792,180,1500.0,19.80383943870384,14
2792,180,1800.0,23.074339273285855,13
2792,180,2100.0,27.71307173436062,12
2792,180,2400.0,37.53005360079366,11
2795,180,300.0,5.947649228553003,46
2795,180,600.0,10.70372816111703,45
2795,180,900.0,16.131598098400385,44
2795,180,1200.0,20.75423137200035,43
2795,180,1500.0,23.993360305421326,42
2795,180,1800.0,29.338955211885978,41
2795,180,2100.0,33.62834421434334,40
2795,180,2400.0,36.803650522215335,39
2798,180,300.0,6.383190013458737,18
2798,180,600.0,16.562417194740835,17
2798,180,900.0,26.595855838489015,16
2798,180,1200.0,33.32639817477102,15
2798,180,1500.0,38.05719897480667,14
2798,180,1800.0,37.165995679408404,13
2798,180,2100.0,35.87482572742928,12
2798,180,2400.0,33.44101333454774,11
2801,180,300.0,7.447195229792306,82
2801,180,600.0,14.78081101378217,81
2801,180,900.0,22.660196136153502,80
2801,180,1200.0,29.166180309212876,79
2801,180,1500.0,37.52640983999234,78
2801,180,1800.0,47.239067052188226,77
2801,180,2100.0,55.41721924092828,76
2801,180,2400.0,64.3816685895587,75
2804,180,300.0,7.080204054855808,10
2804,180,600.0,15.536325634597066,9
2804,180,900.0,22.25010952899762,8
2804,180,1200.0,28.525554894784307,7
2804,180,1500.0,39.05793304873495,6
2804,180,1800.0,56.95226934176959,5
2804,180,2100.0,84.56515183409292,4
2804,180,2400.0,105.92997209147018,3
2807,180,300.0,7.148163290277239,127
2807,180,600.0,14.058437796539225,126
2807,180,900.0,21.528288121257248,125
2807,180,1200.0,29.1796029350683,124
2807,180,1500.0,35.14751803988819,123
2807,180,1800.0,40.52480695453057,122
2807,180,2100.0,46.33478197492109,121
2807,180,2400.0,52.524253669045535,120
2810,180,300.0,7.522641833044505,14
2810,180,600.0,16.115800162556862,13
2810,180,900.0,22.863580886156587,12
2810,180,1200.0,28.813716880224543,11
2810,180,1500.0,33.048037259588014,10
2810,180,1800.0,38.95624362373349,9
2810,180,2100.0,41.45023719307276,8
2810,180,2400.0,40.335104401153735,7
2813,180,300.0,5.645444909258347,38
2813,180,600.0,12.345377650548006,37
2813,180,900.0,19.563163869308436,36
2813,180,1200.0,25.894385484198136,35
2813,180,1500.0,31.778626753425534,34
2813,180,1800.0,38.11064020754255,33
2813,180,2100.0,44.69511666646298,32
2813,180,2400.0,46.95570024585595,31
2816,180,300.0,7.542555288237892,51
2816,180,600.0,16.33901674067732,50
2816,180,900.0,22.455450618264845,49
2816,180,1200.0,28.807900630550126,48
2816,180,1500.0,34.2419997528411,47
2816,180,1800.0,40.18930033560376,46
2816,180,2100.0,47.244088040149414,45
2816,180,2400.0,52.42388804550958,44
2819,180,300.0,6.535171442279443,22
2819,180,600.0,11.69847803387098,21
2819,180,900.0,16.98272305414385,20
2819,180,1200.0,23.080662545778853,19
2819,180,1500.0,29.145147485636162,18
2819,180,1800.0,36.26478042983621,17
2819,180,2100.0,41.74263390453331,16
2819,180,2400.0,44.464644422154386,15
2822,180,300.0,6.579050190526452,2
2822,180,600.0,19.211142956296626,1
2825,180,300.0,5.889890064188605,47
2825,180,600.0,12.93872794745914,46
2825,180,900.0,18.53709340035975,45
2825,180,1200.0,23.420678537739096,44
2825,180,1500.0,28.18307462189256,43
2825,180,1800.0,31.657026012021355,42
2825,180,2100.0,35.90154933821783,41
2825,180,2400.0,39.958727684257795,40
2828,180,300.0,7.599811796720626,29
2828,180,600.0,15.790457463456544,28
2828,180,900.0,24.16430802588429,27
2828,180,1200.0,31.624882664742564,26
2828,180,1500.0,39.447551653525174,25
2828,180,1800.0,47.95105122197783,24
2828,180,2100.0,56.834522564399826,23
2828,180,2400.0,65.54704184939956,22
2831,180,300.0,6.535461157333832,48
2831,180,600.0,10.768868333226937,47
2831,180,900.0,13.247378468733883,46
2831,180,1200.0,17.60882777357238,45
2831,180,1500.0,22.311346971759747,44
2831,180,1800.0,26.96553965845895,43
2831,180,2100.0,30.93353542025037,42
2831,180,2400.0,32.08947809824063,41
2834,180,300.0,10.035712834866835,2
2834,180,600.0,17.226236253504798,1
2839,180,300.0,8.088314218819253,108
2839,180,600.0,18.07249118243027,107
2839,180,900.0,27.78878443904794,106
2839,180,1200.0,37.81858391962264,105
2839,180,1500.0,47.906549308654796,104
2839,180,1800.0,57.11643618413781,103
2839,180,2100.0,65.85506825126109,102
2839,180,2400.0,75.57805565018528,101
2842,180,300.0,7.46848577498548,64
2842,180,600.0,14.496220648015088,63
2842,180,900.0,21.6183344689777,62
2842,180,1200.0,28.159831746130077,61
2842,180,1500.0,32.15400860411189,60
2842,180,1800.0,38.50132568708198,59
2842,180,2100.0,42.39958178204392,58
2842,180,2400.0,46.584479551635035,57
2845,180,300.0,7.1621048544464765,91
2845,180,600.0,13.31617598754475,90
2845,180,900.0,18.77428401284224,89
2845,180,1200.0,24.086918159773607,88
2845,180,1500.0,30.092703185426597,87
2845,180,1800.0,36.891076667959936,86
2845,180,2100.0,43.99015165276448,85
2845,180,2400.0,48.722457822915736,84
2848,180,300.0,7.417313952821598,87
2848,180,600.0,14.245993393028503,86
2848,180,900.0,21.14587214013485,85
2848,180,1200.0,28.156477579232927,84
2848,180,1500.0,34.508370792869556,83
2848,180,1800.0,42.06796928939388,82
2848,180,2100.0,48.34170730839915,81
2848,180,2400.0,54.990287270177895,80
2853,180,300.0,7.837395256827956,35
2853,180,600.0,15.805612896014145,34
2853,180,900.0,22.79762404689611,33
2853,180,1200.0,29.95152783697634,32
2853,180,1500.0,35.31326006759133,31
2853,180,1800.0,38.929666612491424,30
2853,180,2100.0,45.72852539584814,29
2853,180,2400.0,48.11418558667157,28
2856,180,300.0,7.539963672241779,95
2856,180,600.0,15.157027054037933,94
2856,180,900.0,21.7725257075415,93
2856,180,1200.0,28.89105471641476,92
2856,180,1500.0,35.9080810742707,91
2856,180,1800.0,43.17089450272436,90
2856,180,2100.0,50.87716373831958,89
2856,180,2400.0,58.471979111563925,88
2859,180,300.0,7.873651219519403,77
2859,180,600.0,15.917696365530748,76
2859,180,900.0,23.018387037099966,75
2859,180,1200.0,30.321724035317217,74
2859,180,1500.0,38.4749835143661,73
2859,180,1800.0,47.59800639733105,72
2859,180,2100.0,55.63004644091752,71
2859,180,2400.0,65.02058329264965,70
2862,180,300.0,9.007975337485947,29
2862,180,600.0,18.37960980349382,28
2862,180,900.0,26.228269280292206,27
2862,180,1200.0,32.05487574435497,26
2862,180,1500.0,42.217799120219716,25
2862,180,1800.0,54.27868077674102,24
2862,180,2100.0,62.40749281186269,23
2862,180,2400.0,68.85155078240184,22
2865,180,300.0,7.164527609377673,104
2865,180,600.0,14.537775503881427,103
2865,180,900.0,21.585448745281976,102
2865,180,1200.0,26.952343923327064,101
2865,180,1500.0,33.12359808308574,100
2865,180,1800.0,38.88159205423679,99
2865,180,2100.0,44.65448252432052,98
2865,180,2400.0,52.35660992799932,97
2868,180,300.0,7.0292203480305515,20
2868,180,600.0,12.276915438471098,19
2868,180,900.0,17.753393505405043,18
2868,180,1200.0,21.48985723266488,17
2868,180,1500.0,26.66579233058804,16
2868,180,1800.0,28.470607488761463,15
2868,180,2100.0,28.44124354084858,14
2868,180,2400.0,25.177474350524882,13
2871,180,300.0,8.190344907208877,12
2871,180,600.0,19.8279878860825,11
2871,180,900.0,28.658832922443004,10
2871,180,1200.0,32.59309719155825,9
2871,180,1500.0,35.25709146602059,8
2871,180,1800.0,40.64321021037244,7
2871,180,2100.0,51.057990179374976,6
2871,180,2400.0,63.59652746648237,5
2874,180,300.0,7.3293247106627595,62
2874,180,600.0,16.20390183799755,61
2874,180,900.0,22.521237259060666,60
2874,180,1200.0,28.629032591169004,59
2874,180,1500.0,35.64459635188149,58
2874,180,1800.0,40.380343938656175,57
2874,180,2100.0,45.46595999029608,56
2874,180,2400.0,52.06323378309855,55
2877,180,300.0,7.5260415857817575,12
2877,180,600.0,11.515481449288124,11
2877,180,900.0,15.173725634947704,10
2877,180,1200.0,15.808733325400665,9
2877,180,1500.0,17.926405900370717,8
2877,180,1800.0,14.557329731440616,7
2877,180,2100.0,11.075844857859943,6
2877,180,2400.0,11.807990840148985,5
2880,180,300.0,7.788767905666573,4
2880,180,600.0,12.512669850958765,3
2880,180,900.0,19.87241643174923,2
2880,180,1200.0,15.473918111211653,1
2883,180,300.0,1.6366496122209004,1
2886,180,300.0,7.689248966001565,18
2886,180,600.0,16.094850640410144,17
2886,180,900.0,23.021207406458437,16
2886,180,1200.0,23.815743945910977,15
2886,180,1500.0,25.19577703991302,14
2886,180,1800.0,29.8369337180168,13
2886,180,2100.0,31.63782466506177,12
2886,180,2400.0,27.883187657444577,11
2889,180,300.0,6.875606490202364,44
2889,180,600.0,14.230054761572076,43
2889,180,900.0,21.344176825801117,42
2889,180,1200.0,27.088265629596922,41
2889,180,1500.0,31.887295444085474,40
2889,180,1800.0,38.9518537299964,39
2889,180,2100.0,46.88625048668926,38
2889,180,2400.0,56.896261038532074,37
2892,180,300.0,7.470419815839656,33
2892,180,600.0,16.316205188425148,32
2892,180,900.0,22.34606833533235,31
2892,180,1200.0,25.235263688443105,30
2892,180,1500.0,30.72671477753825,29
2892,180,1800.0,38.18951286007711,28
2892,180,2100.0,46.29361619229101,27
2892,180,2400.0,50.864384738460586,26
2895,180,300.0,7.758335909700465,31
2895,180,600.0,15.461142824143131,30
2895,180,900.0,22.8047365534119,29
2895,180,1200.0,28.613598361326506,28
2895,180,1500.0,33.69268979631473,27
2895,180,1800.0,40.05849800453809,26
2895,180,2100.0,49.24981869638138,25
2895,180,2400.0,59.213665447032945,24
2898,180,300.0,6.4093937078433445,8
2898,180,600.0,11.003914358436415,7
2898,180,900.0,13.873507493386372,6
2898,180,1200.0,16.058306862697485,5
2898,180,1500.0,25.599979672294783,4
2898,180,1800.0,34.58542586204573,3
2898,180,2100.0,39.531260935848806,2
2898,180,2400.0,29.143886318745267,1
2901,180,300.0,6.828679067834751,56
2901,180,600.0,14.059459888288458,55
2901,180,900.0,20.944148992478738,54
2901,180,1200.0,26.738140793477008,53
2901,180,1500.0,32.39044623870069,52
2901,180,1800.0,34.794306378461954,51
2901,180,2100.0,36.650298319714196,50
2901,180,2400.0,38.18444629376802,49
2904,180,300.0,6.7263758551111685,31
2904,180,600.0,14.512109379574303,30
2904,180,900.0,22.230817084498927,29
2904,180,1200.0,28.943188579865495,28
2904,180,1500.0,33.90830971113352,27
2904,180,1800.0,39.19976290362635,26
2904,180,2100.0,44.118023334971156,25
2904,180,2400.0,49.08589645966884,24
2907,180,300.0,1.896186564195469,1
2910,180,300.0,6.993096680558407,70
2910,180,600.0,11.046036274426086,69
2910,180,900.0,13.794790191128364,68
2910,180,1200.0,15.797361232494513,67
2910,180,1500.0,18.809816648263304,66
2910,180,1800.0,22.045722108700197,65
2910,180,2100.0,25.15604755873214,64
2910,180,2400.0,26.66428301287762,63
2913,180,300.0,6.730147600853214,44
2913,180,600.0,13.71410888520031,43
2913,180,900.0,21.444557927063784,42
2913,180,1200.0,30.173024898950427,41
2913,180,1500.0,38.18520407179208,40
2913,180,1800.0,48.98393476704303,39
2913,180,2100.0,59.48126890792842,38
2913,180,2400.0,67.86921845174973,37
2916,180,300.0,7.742673986593786,16
2916,180,600.0,16.79970386259346,15
2916,180,900.0,25.8600997200239,14
2916,180,1200.0,34.3405303868876,13
2916,180,1500.0,40.94607962780024,12
2916,180,1800.0,49.89601043551081,11
2916,180,2100.0,58.2608635612951,10
2916,180,2400.0,72.796485230222,9
2919,180,300.0,6.224239527492295,47
2919,180,600.0,13.059808344894327,46
2919,180,900.0,20.01201651882461,45
2919,180,1200.0,25.167485794122864,44
2919,180,1500.0,29.749478227886314,43
2919,180,1800.0,35.82319575839075,42
2919,180,2100.0,40.771962535276934,41
2919,180,2400.0,46.15977021541867,40
2922,180,300.0,7.492403508356405,32
2922,180,600.0,17.084810312864956,31
2922,180,900.0,27.04648745564769,30
2922,180,1200.0,37.69462366776851,29
2922,180,1500.0,47.356290151442174,28
2922,180,1800.0,55.680744101081444,27
2922,180,2100.0,66.12985409803484,26
2922,180,2400.0,79.34694223070936,25
2925,180,300.0,6.750026787991421,95
2925,180,600.0,13.636695256542172,94
2925,180,900.0,20.376397284039644,93
2925,180,1200.0,26.559952120198346,92
2925,180,1500.0,32.96788097480443,91
2925,180,1800.0,39.50646326473533,90
2925,180,2100.0,44.88082111118404,89
2925,180,2400.0,47.28802164696326,88
2928,180,300.0,7.193624360079961,16
2928,180,600.0,16.330128158671062,15
2928,180,900.0,22.178822990229982,14
2928,180,1200.0,25.57575931766611,13
2928,180,1500.0,25.201408038338183,12
2928,180,1800.0,26.17283646375556,11
2928,180,2100.0,35.13518051674511,10
2928,180,2400.0,46.22245274261814,9
2931,180,300.0,9.12692028856642,20
2931,180,600.0,12.198092678136655,19
2931,180,900.0,20.68443628361739,18
2931,180,1200.0,30.090208806016577,17
2931,180,1500.0,39.09761577056042,16
2931,180,1800.0,49.841333428899894,15
2931,180,2100.0,56.03545087027787,14
2931,180,2400.0,66.6166524821656,13
2934,180,300.0,8.030458875211986,19
2934,180,600.0,10.613612418060763,18
2934,180,900.0,14.713098516987236,17
2934,180,1200.0,19.615157902079307,16
2934,180,1500.0,24.82213650179359,15
2934,180,1800.0,28.25071585657026,14
2934,180,2100.0,33.37101328719549,13
2934,180,2400.0,38.0276618949008,12
2937,180,300.0,1.7316335585309262,5
2937,180,600.0,4.968105841895997,4
2937,180,900.0,9.512168862087073,3
2937,180,1200.0,13.943872950523406,2
2937,180,1500.0,13.978372806140495,1
2940,180,300.0,6.789442053049527,23
2940,180,600.0,13.687097318850972,22
2940,180,900.0,19.372140981907307,21
2940,180,1200.0,27.311855491945146,20
2940,180,1500.0,31.920402768578626,19
2940,180,1800.0,37.10862171105471,18
2940,180,2100.0,44.15511651678689,17
2940,180,2400.0,52.449658704835514,16
2943,180,300.0,8.10400170163937,25
2943,180,600.0,17.258762666756198,24
2943,180,900.0,26.701728620744937,23
2943,180,1200.0,38.66942292009871,22
2943,180,1500.0,53.21222830438925,21
2943,180,1800.0,68.146226494004,20
2943,180,2100.0,80.20965526971109,19
2943,180,2400.0,91.46437392263509,18
2946,180,300.0,7.335007924492648,179
2946,180,600.0,15.801096329056042,178
2946,180,900.0,23.149838884215082,177
2946,180,1200.0,29.76513107739622,176
2946,180,1500.0,37.02273323230896,175
2946,180,1800.0,45.1676593125833,174
2946,180,2100.0,53.21826163748189,173
2946,180,2400.0,61.255000580657565,172
2949,180,300.0,7.464819361460968,23
2949,180,600.0,11.961406175142992,22
2949,180,900.0,16.546384683334047,21
2949,180,1200.0,18.6168713315014,20
2949,180,1500.0,18.211483401688344,19
2949,180,1800.0,20.19591196267216,18
2949,180,2100.0,26.096420802792885,17
2949,180,2400.0,30.898899652442765,16
2952,180,300.0,4.310988041203298,7
2952,180,600.0,8.54352544673421,6
2952,180,900.0,8.70920995555937,5
2952,180,1200.0,12.46693785599045,4
2952,180,1500.0,12.164473330736307,3
2952,180,1800.0,4.9900358420178,2
2952,180,2100.0,3.1312784709435233,1
2955,180,300.0,7.529303198199183,68
2955,180,600.0,15.148692999926613,67
2955,180,900.0,22.427480622901125,66
2955,180,1200.0,28.937520732131592,65
2955,180,1500.0,34.85325974974843,64
2955,180,1800.0,40.56612976212059,63
2955,180,2100.0,49.04795122143501,62
2955,180,2400.0,58.11559258811084,61
2958,180,300.0,6.391869839866669,24
2958,180,600.0,11.333425050176528,23
2958,180,900.0,16.07475478623168,22
2958,180,1200.0,19.905649141954836,21
2958,180,1500.0,24.372696944709027,20
2958,180,1800.0,30.80152153042626,19
2958,180,2100.0,35.79037228053672,18
2958,180,2400.0,36.29358208120967,17
2961,180,300.0,6.804617989195353,3
2961,180,600.0,13.350792848444005,2
2961,180,900.0,11.167293729122306,1
2964,180,300.0,10.039517572271365,9
2964,180,600.0,16.323924871393817,8
2964,180,900.0,22.223982343838145,7
2964,180,1200.0,28.466537885287078,6
2964,180,1500.0,36.44610460192304,5
2964,180,1800.0,41.102645695986844,4
2964,180,2100.0,47.76464870984074,3
2964,180,2400.0,54.44379492466334,2
2967,180,300.0,6.924719727036642,159
2967,180,600.0,14.047425499477567,158
2967,180,900.0,20.020539330311184,157
2967,180,1200.0,27.113361930943867,156
2967,180,1500.0,35.101166462496536,155
2967,180,1800.0,42.93995853925916,154
2967,180,2100.0,50.894928255979444,153
2967,180,2400.0,59.60719925934147,152
2970,180,300.0,8.481672533887057,17
2970,180,600.0,17.154075032866036,16
2970,180,900.0,23.8028266771292,15
2970,180,1200.0,28.064600783625526,14
2970,180,1500.0,29.629239969513,13
2970,180,1800.0,29.81700456019099,12
2970,180,2100.0,24.614973362369653,11
2970,180,2400.0,26.335108489771336,10
2973,180,300.0,6.4816317775371814,47
2973,180,600.0,12.728146472181459,46
2973,180,900.0,18.3511742224407,45
2973,180,1200.0,23.408202378333932,44
2973,180,1500.0,28.01197172413647,43
2973,180,1800.0,33.5023220371079,42
2973,180,2100.0,35.9950522956883,41
2973,180,2400.0,40.838251667508416,40
2976,180,300.0,4.464297168289481,5
2976,180,600.0,9.694058290228803,4
2976,180,900.0,16.26419460048046,3
2976,180,1200.0,13.757761613113363,2
2976,180,1500.0,22.321312420433067,1
2979,180,300.0,8.011971668525032,27
2979,180,600.0,20.8147306520425,26
2979,180,900.0,30.883374781934076,25
2979,180,1200.0,37.839710557776925,24
2979,180,1500.0,44.220302991570136,23
2979,180,1800.0,51.701291659643836,22
2979,180,2100.0,59.32935114660102,21
2979,180,2400.0,68.17214221710101,20
2982,180,300.0,7.768044832713397,72
2982,180,600.0,17.68182963890703,71
2982,180,900.0,27.268850421591537,70
2982,180,1200.0,36.214477547181595,69
2982,180,1500.0,43.813605677870996,68
2982,180,1800.0,52.17748468099954,67
2982,180,2100.0,60.41608712145845,66
2982,180,2400.0,66.3008352790651,65
2985,180,300.0,6.34182257611469,7
2985,180,600.0,15.78440427481005,6
2985,180,900.0,27.056420641931766,5
2985,180,1200.0,44.99557278575958,4
2985,180,1500.0,61.65023861994897,3
2985,180,1800.0,64.91688490211985,2
2985,180,2100.0,69.0213578906338,1
2988,180,300.0,4.367430940209378,2
2988,180,600.0,2.3794802867811358,1
2991,180,300.0,6.076821785495595,29
2991,180,600.0,9.829955625232211,28
2991,180,900.0,15.29461094053485,27
2991,180,1200.0,20.509080942530765,26
2991,180,1500.0,25.292483165629456,25
2991,180,1800.0,30.046052149100987,24
2991,180,2100.0,33.95772066823513,23
2991,180,2400.0,40.52007536753868,22
2994,180,300.0,7.228224124476463,28
2994,180,600.0,15.116179685728143,27
2994,180,900.0,20.75341646965275,26
2994,180,1200.0,24.44855098412181,25
2994,180,1500.0,28.725995986311492,24
2994,180,1800.0,34.099094696715596,23
2994,180,2100.0,40.31067706988868,22
2994,180,2400.0,45.99521976984969,21
2997,180,300.0,8.378641018257312,9
2997,180,600.0,16.277353158057927,8
2997,180,900.0,24.74473811743054,7
2997,180,1200.0,37.11575056585696,6
2997,180,1500.0,48.500196060619686,5
2997,180,1800.0,67.66420366229501,4
2997,180,2100.0,92.84980315942488,3
2997,180,2400.0,110.16785669676969,2
3000,180,300.0,6.5688931335796195,39
3000,180,600.0,13.723569942310554,38
3000,180,900.0,22.69313931369729,37
3000,180,1200.0,31.12712748549938,36
3000,180,1500.0,38.307760019442014,35
3000,180,1800.0,41.84279477597791,34
3000,180,2100.0,45.020329418915324,33
3000,180,2400.0,49.42001079465358,32
3003,180,300.0,8.499456298004684,16
3003,180,600.0,17.00812066114236,15
3003,180,900.0,25.623726244842914,14
3003,180,1200.0,36.64510229403929,13
3003,180,1500.0,55.23848897940016,12
3003,180,1800.0,76.37331526341643,11
3003,180,2100.0,89.55274019535297,10
3003,180,2400.0,109.11787837205743,9
3006,180,300.0,9.443761484075715,11
3006,180,600.0,21.375115832805676,10
3006,180,900.0,24.569596263890862,9
3006,180,1200.0,23.119963113547588,8
3006,180,1500.0,26.646044906827218,7
3006,180,1800.0,35.98288518813319,6
3006,180,2100.0,43.66241699880676,5
3006,180,2400.0,41.55441315513809,4
3009,180,300.0,6.137620315383242,8
3009,180,600.0,15.931971527643137,7
3009,180,900.0,28.259944411722216,6
3009,180,1200.0,34.09819211157414,5
3009,180,1500.0,26.594839391689735,4
3009,180,1800.0,20.5366533718128,3
3009,180,2100.0,22.438314232774896,2
3009,180,2400.0,26.634147499390938,1
3015,180,300.0,7.676637710955453,14
3015,180,600.0,12.501995825561552,13
3015,180,900.0,19.16811223853377,12
3015,180,1200.0,21.868812673473347,11
3015,180,1500.0,31.010562866256656,10
3015,180,1800.0,31.53015352464384,9
3015,180,2100.0,39.02991606838865,8
3015,180,2400.0,39.32753913226156,7
3018,180,300.0,6.043426300125619,15
3018,180,600.0,7.080625344240233,14
3018,180,900.0,8.55354733285819,13
3018,180,1200.0,10.658524492536403,12
3018,180,1500.0,13.580785490277007,11
3018,180,1800.0,16.104548170283504,10
3018,180,2100.0,17.766026004663285,9
3018,180,2400.0,20.34159252295188,8
3023,180,300.0,8.819007434582309,36
3023,180,600.0,17.330193900938283,35
3023,180,900.0,25.15700711975421,34
3023,180,1200.0,33.1183150728632,33
3023,180,1500.0,40.26429624413527,32
3023,180,1800.0,50.43766996370282,31
3023,180,2100.0,58.190986917813724,30
3023,180,2400.0,66.55256236306381,29
3026,180,300.0,6.62370105511456,129
3026,180,600.0,12.57818424462358,128
3026,180,900.0,19.42172955698817,127
3026,180,1200.0,25.928448842746032,126
3026,180,1500.0,31.469521406363015,125
3026,180,1800.0,37.46389069912217,124
3026,180,2100.0,42.791417749553354,123
3026,180,2400.0,48.67143867717576,122
3029,180,300.0,6.990257381575486,47
3029,180,600.0,13.886905741461614,46
3029,180,900.0,20.53559924112555,45
3029,180,1200.0,25.022793528890045,44
3029,180,1500.0,29.157608432915204,43
3029,180,1800.0,30.855599313322056,42
3029,180,2100.0,33.33867007557058,41
3029,180,2400.0,35.402971357212394,40
3032,180,300.0,5.617560896399657,30
3032,180,600.0,12.103844629640253,29
3032,180,900.0,18.7808813713272,28
3032,180,1200.0,27.683222850611937,27
3032,180,1500.0,38.28765888551318,26
3032,180,1800.0,47.39549208237655,25
3032,180,2100.0,56.97183534901985,24
3032,180,2400.0,67.65405056756408,23
3035,180,300.0,5.80218454391512,13
3035,180,600.0,12.38234501744011,12
3035,180,900.0,19.102557002887497,11
3035,180,1200.0,25.854287830878086,10
3035,180,1500.0,32.20493075935532,9
3035,180,1800.0,40.46630570738234,8
3035,180,2100.0,50.3503964714448,7
3035,180,2400.0,67.61387006641463,6
3038,180,300.0,9.564056581693796,5
3038,180,600.0,15.217804370347439,4
3038,180,900.0,23.155498040530517,3
3038,180,1200.0,19.71123581427493,2
3038,180,1500.0,45.979162358556046,1
3041,180,300.0,7.688827549872771,36
3041,180,600.0,18.339023131413175,35
3041,180,900.0,29.710374087857495,34
3041,180,1200.0,41.288220108126175,33
3041,180,1500.0,57.2743128788416,32
3041,180,1800.0,75.39403024714326,31
3041,180,2100.0,94.77916516779139,30
3041,180,2400.0,116.08003580745213,29
3044,180,300.0,8.753549000507569,18
3044,180,600.0,17.8145093133176,17
3044,180,900.0,29.831851961969267,16
3044,180,1200.0,40.16153440846912,15
3044,180,1500.0,54.69166012742164,14
3044,180,1800.0,64.59718640393785,13
3044,180,2100.0,83.26724582459696,12
3044,180,2400.0,105.54823680474993,11
3047,180,300.0,7.930945376534709,16
3047,180,600.0,17.339959298230948,15
3047,180,900.0,24.43703426106873,14
3047,180,1200.0,28.04895722859137,13
3047,180,1500.0,29.682085950480396,12
3047,180,1800.0,25.50967245302979,11
3047,180,2100.0,17.938478075274652,10
3047,180,2400.0,17.95768114222552,9
3050,180,300.0,7.3989714823153525,38
3050,180,600.0,14.8841517270111,37
3050,180,900.0,22.039998808742087,36
3050,180,1200.0,29.905570507129386,35
3050,180,1500.0,37.90535736841606,34
3050,180,1800.0,45.573146835195494,33
3050,180,2100.0,53.470014330821094,32
3050,180,2400.0,60.456259734931464,31
3053,180,300.0,8.442122343175708,30
3053,180,600.0,16.802004015103428,29
3053,180,900.0,27.35709604854222,28
3053,180,1200.0,40.40668102268213,27
3053,180,1500.0,50.83561806605435,26
3053,180,1800.0,61.72505613070465,25
3053,180,2100.0,71.41387642820565,24
3053,180,2400.0,80.33963270849584,23
3056,180,300.0,6.422810974825976,14
3056,180,600.0,13.942556489664042,13
3056,180,900.0,25.69052286673012,12
3056,180,1200.0,40.87316280458838,11
3056,180,1500.0,56.10102435945341,10
3056,180,1800.0,78.09898227944574,9
3056,180,2100.0,105.16429445241403,8
3056,180,2400.0,134.7439504645914,7
3059,180,300.0,7.469483783448968,67
3059,180,600.0,14.849987361404013,66
3059,180,900.0,21.700305456107202,65
3059,180,1200.0,28.723292683280516,64
3059,180,1500.0,34.50045594022094,63
3059,180,1800.0,40.33847302275161,62
3059,180,2100.0,44.94651845427375,61
3059,180,2400.0,47.473811121501186,60
3062,180,300.0,8.318138491015247,56
3062,180,600.0,17.763678526068546,55
3062,180,900.0,27.066572487209832,54
3062,180,1200.0,35.31805608389726,53
3062,180,1500.0,46.19009016279058,52
3062,180,1800.0,56.42499928143094,51
3062,180,2100.0,65.05488302881992,50
3062,180,2400.0,72.06275261210531,49
3065,180,300.0,6.780175161566444,35
3065,180,600.0,12.586932393351692,34
3065,180,900.0,16.29808248989104,33
3065,180,1200.0,22.760469831605796,32
3065,180,1500.0,31.7437623031836,31
3065,180,1800.0,38.19046964200956,30
3065,180,2100.0,44.359258584582506,29
3065,180,2400.0,50.10066690752943,28
3068,180,300.0,10.734569979488182,10
3068,180,600.0,20.198025801820236,9
3068,180,900.0,28.066797754276017,8
3068,180,1200.0,43.649605916229135,7
3068,180,1500.0,58.809621341502925,6
3068,180,1800.0,71.79588005822293,5
3068,180,2100.0,71.96292092261132,4
3068,180,2400.0,77.19384760958475,3
3071,180,300.0,8.374022358005686,64
3071,180,600.0,16.24390275181375,63
3071,180,900.0,21.50076565022618,62
3071,180,1200.0,24.953558177166233,61
3071,180,1500.0,30.60371794093156,60
3071,180,1800.0,37.88471061060305,59
3071,180,2100.0,43.943105005550954,58
3071,180,2400.0,48.1098710015501,57
3077,180,300.0,6.962650367232501,33
3077,180,600.0,13.057423310017684,32
3077,180,900.0,19.14376171533352,31
3077,180,1200.0,27.479349008695582,30
3077,180,1500.0,35.13392203404605,29
3077,180,1800.0,41.85080510652107,28
3077,180,2100.0,48.720255382215754,27
3077,180,2400.0,55.64987801188625,26
3080,180,300.0,6.130830928721691,50
3080,180,600.0,13.793531061678957,49
3080,180,900.0,23.447502130210307,48
3080,180,1200.0,33.816920488542195,47
3080,180,1500.0,45.55145125783136,46
3080,180,1800.0,55.80287671191253,45
3080,180,2100.0,67.52994987304041,44
3080,180,2400.0,80.80967871081079,43
3083,180,300.0,6.745018441186064,58
3083,180,600.0,14.073112312609734,57
3083,180,900.0,20.962243851515876,56
3083,180,1200.0,27.131912271794647,55
3083,180,1500.0,31.967172939022763,54
3083,180,1800.0,35.90886353389315,53
3083,180,2100.0,39.727435270971895,52
3083,180,2400.0,43.30565556809925,51
3086,180,300.0,6.030081946431919,17
3086,180,600.0,9.879662351674074,16
3086,180,900.0,15.469582858197125,15
3086,180,1200.0,20.342441887651436,14
3086,180,1500.0,21.89346175864741,13
3086,180,1800.0,24.05554489240424,12
3086,180,2100.0,31.511486984629745,11
3086,180,2400.0,41.02571673862356,10
3089,180,300.0,8.604410781166232,66
3089,180,600.0,16.281009798792006,65
3089,180,900.0,22.842378290624985,64
3089,180,1200.0,29.713981705343492,63
3089,180,1500.0,36.22136354127934,62
3089,180,1800.0,41.8152066547205,61
3089,180,2100.0,47.30308632261124,60
3089,180,2400.0,52.93297407391086,59
3092,180,300.0,7.718265162828448,139
3092,180,600.0,16.858080269972902,138
3092,180,900.0,25.520684127445517,137
3092,180,1200.0,33.8754787889547,136
3092,180,1500.0,42.11827165075995,135
3092,180,1800.0,49.83513296048962,134
3092,180,2100.0,56.33623292875803,133
3092,180,2400.0,62.6691542986788,132
3095,180,300.0,7.583622229186812,100
3095,180,600.0,15.945979840181302,99
3095,180,900.0,24.992267162706675,98
3095,180,1200.0,32.96190522182167,97
3095,180,1500.0,41.9131373052021,96
3095,180,1800.0,50.10916872136847,95
3095,180,2100.0,60.39648764867836,94
3095,180,2400.0,72.08389462786967,93
3098,180,300.0,6.576920420147891,11
3098,180,600.0,8.043193166604151,10
3098,180,900.0,10.368340202040605,9
3098,180,1200.0,19.113895381147394,8
3098,180,1500.0,21.47914410120384,7
3098,180,1800.0,25.156275847735373,6
3098,180,2100.0,33.046298908215434,5
3098,180,2400.0,31.63892958970942,4
3101,180,300.0,7.380288625756147,360
3101,180,600.0,14.978140553646856,359
3101,180,900.0,22.999299053716644,358
3101,180,1200.0,30.567247169814706,357
3101,180,1500.0,38.857577562335585,356
3101,180,1800.0,46.748923013900765,355
3101,180,2100.0,54.8049684582995,354
3101,180,2400.0,63.25175945661179,353
3104,180,300.0,6.528781887554598,24
3104,180,600.0,15.740525834956467,23
3104,180,900.0,27.11020743059891,22
3104,180,1200.0,38.22414303631263,21
3104,180,1500.0,48.59512307037616,20
3104,180,1800.0,56.273195254779814,19
3104,180,2100.0,62.94255560938164,18
3104,180,2400.0,68.13444436022147,17
3107,180,300.0,10.632207253614705,16
3107,180,600.0,20.939355099297316,15
3107,180,900.0,23.538449088547384,14
3107,180,1200.0,21.054453268978083,13
3107,180,1500.0,23.01572028908051,12
3107,180,1800.0,24.148811660058882,11
3107,180,2100.0,27.602376719511643,10
3107,180,2400.0,28.008694024513105,9
3110,180,300.0,5.274911083299465,4
3110,180,600.0,9.97970879191586,3
3110,180,900.0,15.74594864201585,2
3110,180,1200.0,35.7439254174775,1
3113,180,300.0,7.332902472960197,102
3113,180,600.0,16.110380873645457,101
3113,180,900.0,25.85265512650255,100
3113,180,1200.0,36.04491118789434,99
3113,180,1500.0,45.83334757939737,98
3113,180,1800.0,55.15165488527246,97
3113,180,2100.0,66.15804409663333,96
3113,180,2400.0,77.677808741706,95
3116,180,300.0,7.14023433684529,111
3116,180,600.0,14.51194305777907,110
3116,180,900.0,20.271401446604735,109
3116,180,1200.0,27.338438012965074,108
3116,180,1500.0,36.30229055181954,107
3116,180,1800.0,44.68598054353244,106
3116,180,2100.0,52.73231033571893,105
3116,180,2400.0,61.56993687974528,104
3119,180,300.0,7.093804957100321,69
3119,180,600.0,16.118509570569874,68
3119,180,900.0,24.109562386678544,67
3119,180,1200.0,30.662668632809865,66
3119,180,1500.0,37.23938532766733,65
3119,180,1800.0,44.10227480236859,64
3119,180,2100.0,51.6934809443772,63
3119,180,2400.0,59.30896959737495,62
3122,180,300.0,6.462312043447466,100
3122,180,600.0,12.575114288552042,99
3122,180,900.0,18.308087922271486,98
3122,180,1200.0,24.6481033602859,97
3122,180,1500.0,32.14655597287617,96
3122,180,1800.0,39.7220228171453,95
3122,180,2100.0,47.74130195811189,94
3122,180,2400.0,55.73787258027006,93
3125,180,300.0,6.913001289254574,53
3125,180,600.0,14.700267973631336,52
3125,180,900.0,21.556275764787067,51
3125,180,1200.0,27.9320224357886,50
3125,180,1500.0,34.288896799355605,49
3125,180,1800.0,42.259865652515806,48
3125,180,2100.0,51.6894356325603,47
3125,180,2400.0,61.8306346600041,46
3128,180,300.0,5.495420730158162,12
3128,180,600.0,13.4411101054349,11
3128,180,900.0,17.9245829722784,10
3128,180,1200.0,15.891296342141409,9
3128,180,1500.0,13.690081190403124,8
3128,180,1800.0,19.522382939715175,7
3128,180,2100.0,24.524679467734654,6
3128,180,2400.0,27.080288962966314,5
3131,180,300.0,6.332817584128807,5
3131,180,600.0,9.682963330924832,4
3131,180,900.0,18.374987998260274,3
3131,180,1200.0,13.418776205411131,2
3131,180,1500.0,24.089022844396826,1
3134,180,300.0,6.992054804471701,32
3134,180,600.0,13.404872592487376,31
3134,180,900.0,19.945474913078076,30
3134,180,1200.0,24.113298994305108,29
3134,180,1500.0,27.415993237880265,28
3134,180,1800.0,29.967019376283492,27
3134,180,2100.0,34.4242855515639,26
3134,180,2400.0,39.21178805916612,25
3137,180,300.0,6.765885187586081,67
3137,180,600.0,12.566695969269846,66
3137,180,900.0,16.723391975643416,65
3137,180,1200.0,20.164363841160988,64
3137,180,1500.0,22.90784948325792,63
3137,180,1800.0,26.774554031522076,62
3137,180,2100.0,31.702041607165786,61
3137,180,2400.0,37.60521119362069,60
3140,180,300.0,1.2162869239454142,1
3143,180,300.0,5.460636628291197,13
3143,180,600.0,8.706173483503575,12
3143,180,900.0,12.0249851861723,11
3143,180,1200.0,15.332878552522669,10
3143,180,1500.0,17.947395969659564,9
3143,180,1800.0,22.582844768906902,8
3143,180,2100.0,24.9001854079218,7
3143,180,2400.0,23.142614545870345,6
3148,180,300.0,4.326835949804834,4
3148,180,600.0,3.1059357586371217,3
3148,180,900.0,2.2836430040079407,2
3148,180,1200.0,9.131873306086352,1
3151,180,300.0,8.559473915956428,26
3151,180,600.0,18.08857575176244,25
3151,180,900.0,27.645810837499806,24
3151,180,1200.0,34.00974307063265,23
3151,180,1500.0,40.2617448955114,22
3151,180,1800.0,46.52770143990521,21
3151,180,2100.0,49.23695382158869,20
3151,180,2400.0,49.30152426625682,19
3154,180,300.0,7.896266166963737,58
3154,180,600.0,15.32265238161267,57
3154,180,900.0,24.199394515607562,56
3154,180,1200.0,34.44823939560967,55
3154,180,1500.0,43.42350948898999,54
3154,180,1800.0,54.078783309654064,53
3154,180,2100.0,62.99943782350483,52
3154,180,2400.0,71.34312608270295,51
3157,180,300.0,6.037081331427755,19
3157,180,600.0,7.8612036081308325,18
3157,180,900.0,11.649086577491026,17
3157,180,1200.0,15.013411395469518,16
3157,180,1500.0,16.094973184197947,15
3157,180,1800.0,18.83316904170437,14
3157,180,2100.0,22.418479550538244,13
3157,180,2400.0,26.08185380751354,12
3160,180,300.0,7.401012096135162,45
3160,180,600.0,15.443056770247097,44
3160,180,900.0,24.099189064614176,43
3160,180,1200.0,33.327733643666065,42
3160,180,1500.0,42.01519621367128,41
3160,180,1800.0,48.07648659797262,40
3160,180,2100.0,52.18793040312366,39
3160,180,2400.0,55.11913912578898,38
3163,180,300.0,8.618544403515113,12
3163,180,600.0,18.170038019290907,11
3163,180,900.0,24.609182769727216,10
3163,180,1200.0,32.35035759171061,9
3163,180,1500.0,37.18446626879488,8
3163,180,1800.0,40.91229846652935,7
3163,180,2100.0,48.92493397395861,6
3163,180,2400.0,59.81013068067584,5
3166,180,300.0,7.834365828154982,73
3166,180,600.0,12.980159402617524,72
3166,180,900.0,18.69824267992048,71
3166,180,1200.0,22.566851081418147,70
3166,180,1500.0,26.13740800288581,69
3166,180,1800.0,29.58473459167508,68
3166,180,2100.0,32.27771236331205,67
3166,180,2400.0,36.34758266621441,66
3169,180,300.0,6.852165342171475,126
3169,180,600.0,15.494748056333867,125
3169,180,900.0,24.938061292481734,124
3169,180,1200.0,35.62169837829027,123
3169,180,1500.0,46.751414791004294,122
3169,180,1800.0,57.6513157582894,121
3169,180,2100.0,68.75315406884516,120
3169,180,2400.0,78.79248548714001,119
3172,180,300.0,6.912939462659127,33
3172,180,600.0,14.055326120234385,32
3172,180,900.0,22.447812768581073,31
3172,180,1200.0,31.422625947488847,30
3172,180,1500.0,42.84366089931834,29
3172,180,1800.0,55.20052478064016,28
3172,180,2100.0,66.84687674732866,27
3172,180,2400.0,80.05185583003731,26
3175,180,300.0,7.288479058651833,20
3175,180,600.0,12.523861308073592,19
3175,180,900.0,17.676444315694148,18
3175,180,1200.0,21.491126887295906,17
3175,180,1500.0,25.085191810287792,16
3175,180,1800.0,29.497204090760555,15
3175,180,2100.0,34.892674934706584,14
3175,180,2400.0,39.66942592041946,13
3178,180,300.0,6.5644648097776,48
3178,180,600.0,13.944078276779747,47
3178,180,900.0,22.04301107603249,46
3178,180,1200.0,28.21555831741792,45
3178,180,1500.0,35.64865290858816,44
3178,180,1800.0,43.6882120687225,43
3178,180,2100.0,52.12986267483026,42
3178,180,2400.0,60.47081059973587,41
3181,180,300.0,7.478074349271781,183
3181,180,600.0,14.71832562611696,182
3181,180,900.0,21.83374820631075,181
3181,180,1200.0,28.1188481100261,180
3181,180,1500.0,33.83710667052784,179
3181,180,1800.0,39.67637967541586,178
3181,180,2100.0,45.696371754927,177
3181,180,2400.0,51.507729352400844,176
3184,180,300.0,8.265045449362974,22
3184,180,600.0,17.762654783579624,21
3184,180,900.0,24.47265752976353,20
3184,180,1200.0,31.14738935948526,19
3184,180,1500.0,36.55194393257079,18
3184,180,1800.0,44.95485891337873,17
3184,180,2100.0,53.1579970978082,16
3184,180,2400.0,55.3114388643137,15
3187,180,300.0,5.712804317327686,23
3187,180,600.0,11.94951140156698,22
3187,180,900.0,18.78583444794457,21
3187,180,1200.0,26.842236878299587,20
3187,180,1500.0,34.213321801757516,19
3187,180,1800.0,46.46801619424519,18
3187,180,2100.0,57.87794719458391,17
3187,180,2400.0,69.65588988388973,16
3190,180,300.0,8.10170856527659,157
3190,180,600.0,15.915682667071133,156
3190,180,900.0,21.919813212512295,155
3190,180,1200.0,27.03564763695757,154
3190,180,1500.0,32.61606737169147,153
3190,180,1800.0,38.49877268277982,152
3190,180,2100.0,44.32292790384123,151
3190,180,2400.0,50.57885408525983,150
3193,180,300.0,14.328453156533019,7
3193,180,600.0,32.51424880205765,6
3193,180,900.0,51.72734019256418,5
3193,180,1200.0,62.71710135871307,4
3193,180,1500.0,68.24289434346416,3
3193,180,1800.0,48.56162481004124,2
3193,180,2100.0,24.60885927882773,1
3196,180,300.0,5.189639094569554,34
3196,180,600.0,11.626312057850702,33
3196,180,900.0,18.31142135752595,32
3196,180,1200.0,26.936469910468457,31
3196,180,1500.0,38.004806190092516,30
3196,180,1800.0,48.315181193099164,29
3196,180,2100.0,59.26253992661584,28
3196,180,2400.0,72.32908406025346,27
3199,180,300.0,6.499716969668537,50
3199,180,600.0,13.822551999630038,49
3199,180,900.0,19.890547819729296,48
3199,180,1200.0,26.38980270581597,47
3199,180,1500.0,35.0992204696198,46
3199,180,1800.0,44.61524738533551,45
3199,180,2100.0,52.60456590673382,44
3199,180,2400.0,60.523757218468006,43
3202,180,300.0,7.855130792426016,50
3202,180,600.0,15.651942811445108,49
3202,180,900.0,23.28362616955629,48
3202,180,1200.0,33.036073211006624,47
3202,180,1500.0,42.53551402009181,46
3202,180,1800.0,51.84061330633885,45
3202,180,2100.0,62.695039791257265,44
3202,180,2400.0,72.67985881074146,43
3205,180,300.0,5.984663763199305,5
3205,180,600.0,19.08457034768962,4
3205,180,900.0,34.27876149808627,3
3205,180,1200.0,54.03694411636894,2
3205,180,1500.0,71.04307662136196,1
3208,180,300.0,6.172584605604304,30
3208,180,600.0,10.304148721418779,29
3208,180,900.0,13.13215381051303,28
3208,180,1200.0,15.652351929873783,27
3208,180,1500.0,17.943451157028747,26
3208,180,1800.0,21.22839831455799,25
3208,180,2100.0,23.273297230085728,24
3208,180,2400.0,25.56504033528081,23
